created_at,entry_id,Temperature (C),Turbidity(NTU),Dissolved Oxygen(g/ml),PH,Ammonia(g/ml),Nitrate(g/ml),Population,Fish_Length(cm),Fish_Weight(g),Fish Diseases
2021-06-19 00:00:05 CET,1889,24.875,100,4.505,8.43365,0.45842,193,50,7.11,2.91,Red Spot
2021-06-19 00:01:02 CET,1890,24.9375,100,6.601,8.43818,0.45842,194,50,7.11,2.91,Red Spot
2021-06-19 00:01:22 CET,1891,24.875,100,15.797,8.42457,0.45842,192,50,7.11,2.91,Red Spot
2021-06-19 00:01:44 CET,1892,24.9375,100,5.046,8.43365,0.45842,193,50,7.11,2.91,Red Spot
2021-06-19 00:02:07 CET,1893,24.9375,100,38.407,8.40641,0.45842,192,50,7.11,2.91,Red Spot
2021-06-19 00:02:27 CET,1894,24.9375,100,3.862,8.42003,0.45842,193,50,7.11,2.91,Red Spot
2021-06-19 00:02:47 CET,1895,24.875,100,2.831,8.43818,0.45842,194,50,7.11,2.91,Red Spot
2021-06-19 00:03:07 CET,1896,24.9375,100,5.012,8.42911,0.45842,193,50,7.11,2.91,Red Spot
2021-06-19 00:03:27 CET,1897,24.9375,100,2.916,8.42911,0.45842,192,50,7.11,2.91,Red Spot
2021-06-19 00:03:47 CET,1898,24.875,100,17.005,8.43365,0.45842,192,50,7.11,2.91,Red Spot
2021-06-19 00:04:31 CET,1900,24.875,100,6.964,8.48358,0.45842,191,50,7.11,2.91,Red Spot
2021-06-19 00:05:11 CET,1902,24.9375,100,3.465,8.42911,0.45842,187,50,7.11,2.91,Red Spot
2021-06-19 00:05:59 CET,1903,24.9375,100,4.319,8.42911,0.45842,191,50,7.11,2.91,Red Spot
2021-06-19 00:06:18 CET,1904,24.875,100,24.266,8.43365,0.45842,190,50,7.11,2.91,Red Spot
2021-07-12 16:29:50 CET,56750,24.3125,100,3.347,7.55753,0.45842,112,50,14.62,25.91,Red Spot
2021-07-12 16:31:06 CET,56752,24.3125,100,1.174,7.54391,0.45842,112,50,14.62,25.91,Red Spot
2021-07-12 16:31:25 CET,56753,24.3125,100,1.884,7.54845,0.45842,112,50,14.62,25.91,Red Spot
2021-07-12 16:31:45 CET,56754,24.25,100,0.955,7.55753,0.45842,114,50,14.62,25.91,Red Spot
2021-07-12 16:32:05 CET,56755,24.25,100,1.183,7.54845,0.45842,113,50,14.62,25.91,Red Spot
2021-07-12 16:33:01 CET,56756,24.3125,100,0.245,7.55299,0.45842,112,50,14.62,25.91,Fin Rot
2021-07-12 16:33:21 CET,56757,24.25,100,7.336,7.54845,0.45842,112,50,14.62,25.91,Fin Rot
2021-07-12 16:34:17 CET,56758,24.3125,100,1.808,7.54845,0.45842,107,50,14.62,25.91,Fin Rot
2021-07-12 16:34:37 CET,56759,24.25,100,2.628,7.56661,0.45842,112,50,14.62,25.91,Fin Rot
2021-07-12 16:34:56 CET,56760,24.25,100,0.802,7.54391,0.45842,112,50,14.62,25.91,Fin Rot
2021-07-12 16:35:16 CET,56761,24.25,100,0.76,7.54845,0.45842,113,50,14.62,25.91,Fin Rot
2021-07-12 16:36:13 CET,56762,24.25,100,2.087,7.55753,0.45842,112,50,14.62,25.91,Fin Rot
2021-07-12 16:37:12 CET,56765,24.25,100,10.886,7.55753,0.45842,112,50,14.62,25.91,Fin Rot
2021-07-12 16:37:31 CET,56766,24.25,100,6.432,7.55299,0.45842,112,50,14.62,25.91,Fin Rot
2021-07-12 16:38:28 CET,56767,24.25,100,0.726,7.55753,0.45842,112,50,14.62,25.91,Fin Rot
2021-07-12 16:38:47 CET,56768,24.25,100,14.723,7.55753,0.45842,112,50,14.62,25.91,Fin Rot
2021-07-12 16:40:04 CET,56770,24.25,100,1.428,7.56207,0.45842,112,50,14.62,25.91,Fin Rot
2021-07-12 16:40:23 CET,56771,24.25,100,0.549,7.55299,0.45842,112,50,14.62,25.91,Fin Rot
2021-07-12 16:41:03 CET,56773,24.25,100,1.867,7.55753,0.45842,113,50,14.62,25.91,Fin Rot
2021-07-12 16:41:22 CET,56774,24.25,100,7.353,7.55753,0.45842,112,50,14.62,25.91,Fin Rot
2021-07-12 16:41:42 CET,56775,24.25,100,2.4,7.55299,0.45842,112,50,14.62,25.91,Fin Rot
2021-07-12 16:42:02 CET,56776,24.25,100,8.418,7.54845,0.45842,115,50,14.62,25.91,Fin Rot
2021-07-12 16:42:22 CET,56777,24.25,100,20.581,7.55299,0.45842,112,50,14.62,25.91,Fin Rot
2021-07-12 16:42:41 CET,56778,24.3125,100,0.667,7.57569,0.45842,112,50,14.62,25.91,Fin Rot
2021-07-12 16:43:01 CET,56779,24.25,100,13.058,7.55299,0.45842,112,50,14.62,25.91,Fin Rot
2021-07-12 16:43:20 CET,56780,24.25,100,1.386,7.55753,0.45842,112,50,14.62,25.91,Fin Rot
2021-07-12 16:43:40 CET,56781,24.3125,100,13.312,7.56207,0.45842,112,50,14.62,25.91,Fin Rot
2021-07-12 16:44:36 CET,56782,24.25,100,9.779,7.58023,0.45842,112,50,14.62,25.91,Fin Rot
2021-07-12 16:46:12 CET,56785,24.25,100,28.255,7.54845,0.45842,112,50,14.62,25.91,Fin Rot
2021-07-12 16:46:31 CET,56786,24.25,100,0.109,7.54845,0.45842,112,50,14.62,25.91,Fin Rot
2021-07-12 16:47:30 CET,56789,24.25,100,0.211,7.54845,0.45842,112,50,14.62,25.91,Fin Rot
2021-07-12 16:47:50 CET,56790,24.25,100,2.856,7.54391,0.45842,113,50,14.62,25.91,Fin Rot
2021-07-12 16:48:09 CET,56791,24.25,100,6.93,7.54845,0.45842,109,50,14.62,25.91,Fin Rot
2021-07-12 16:49:47 CET,56796,24.25,100,4.86,7.54845,0.45842,112,50,14.62,25.91,Fin Rot
2021-07-12 16:50:06 CET,56797,24.3125,100,0.887,7.54845,0.45842,112,50,14.62,25.91,Fin Rot
2021-07-29 23:22:07 CET,111387,25,10,2.587,7.32602,27.00883,385,50,18.49,59.36,Fin Rot
2021-07-29 23:22:27 CET,111388,25,10,3.428,7.31694,24.91284,388,50,18.49,59.36,White Spot (Ich)
2021-07-29 23:23:06 CET,111390,25,10,8.786,7.30786,28.06839,381,50,18.49,59.36,White Spot (Ich)
2021-07-29 23:23:26 CET,111391,25,10,1.73,7.31694,28.80005,383,50,18.49,59.36,White Spot (Ich)
2021-07-29 23:23:45 CET,111392,25,10,0.776,7.3124,28.92401,383,50,18.49,59.36,White Spot (Ich)
2021-07-29 23:24:05 CET,111393,25,10,9.227,7.31694,29.29942,378,50,18.49,59.36,White Spot (Ich)
2021-07-29 23:25:02 CET,111394,25,10,3.283,7.31694,30.19634,380,50,18.49,59.36,White Spot (Ich)
2021-07-29 23:25:21 CET,111395,25,10,2.09,7.31694,28.80005,380,50,18.49,59.36,White Spot (Ich)
2021-07-29 23:25:41 CET,111396,25,10,2.859,7.27154,28.67667,384,50,18.49,59.36,White Spot (Ich)
2021-07-29 23:26:00 CET,111397,25,10,1.73,7.31694,28.43165,382,50,18.49,59.36,White Spot (Ich)
2021-07-29 23:26:19 CET,111398,25,9,6.471,7.3124,29.55264,382,50,18.49,59.36,White Spot (Ich)
2021-07-29 23:26:59 CET,111400,25,11,2.146,7.32148,22.99327,369,50,18.49,59.36,White Spot (Ich)
2021-07-29 23:27:18 CET,111401,25,9,2.098,7.31694,27.47425,384,50,18.49,59.36,White Spot (Ich)
2021-07-29 23:27:58 CET,111403,25,10,1.217,7.31694,28.18892,383,50,18.49,59.36,White Spot (Ich)
2021-07-29 23:28:17 CET,111404,25,10,1.337,7.31694,26.43918,384,50,18.49,59.36,White Spot (Ich)
2021-07-29 23:29:13 CET,111405,25,10,1.153,7.31694,26.77938,382,50,18.49,59.36,White Spot (Ich)
2021-07-29 23:29:52 CET,111407,25,9,1.081,7.31694,28.06839,384,50,18.49,59.36,White Spot (Ich)
2021-07-29 23:30:12 CET,111408,24.9375,9,1.132,7.31694,28.92401,384,50,18.49,59.36,White Spot (Ich)
2021-07-29 23:30:31 CET,111409,25,9,1.001,7.30332,28.80005,381,50,18.49,59.36,White Spot (Ich)
2021-07-29 23:31:10 CET,111411,25,9,1.081,7.31694,26.66543,384,50,18.49,59.36,White Spot (Ich)
2021-07-29 23:31:30 CET,111412,25,9,1.049,7.3124,26.32683,384,50,18.49,59.36,White Spot (Ich)
2021-07-29 23:31:50 CET,111413,25,9,7.769,7.3124,25.77285,383,50,18.49,59.36,White Spot (Ich)
2021-07-29 23:32:09 CET,111414,25,9,1.353,7.3124,25.12487,385,50,18.49,59.36,White Spot (Ich)
2021-07-29 23:32:29 CET,111415,25,9,1.417,7.32148,25.6636,386,50,18.49,59.36,White Spot (Ich)
2021-07-29 23:33:28 CET,111418,24.9375,9,3.11,7.31694,26.32683,386,50,18.49,59.36,White Spot (Ich)
2021-07-29 23:33:47 CET,111419,25,9,1.658,7.32148,26.55203,385,50,18.49,59.36,White Spot (Ich)
2021-07-29 23:34:43 CET,111420,24.9375,9,3.144,7.31694,27.94845,383,50,18.49,59.36,White Spot (Ich)
2021-07-29 23:36:59 CET,111425,24.9375,9,7.64,7.31694,26.21499,385,50,18.49,59.36,White Spot (Ich)
2021-07-29 23:37:18 CET,111426,24.9375,9,10.776,7.31694,25.55486,385,50,18.49,59.36,White Spot (Ich)
2021-07-29 23:38:15 CET,111427,24.9375,11,3.803,7.31694,23.38356,383,50,18.49,59.36,White Spot (Ich)
2021-07-29 23:38:35 CET,111428,25,9,5.646,7.32148,26.32683,384,50,18.49,59.36,White Spot (Ich)
2021-07-29 23:39:14 CET,111430,24.9375,9,7.099,7.31694,27.00883,382,50,18.49,59.36,White Spot (Ich)
2021-07-29 23:39:34 CET,111431,24.9375,10,1.808,7.31694,21.95605,383,50,18.49,59.36,White Spot (Ich)
2021-07-29 23:40:31 CET,111432,25,9,9.083,7.32148,26.89384,384,50,18.49,59.36,White Spot (Ich)
2021-07-29 23:40:50 CET,111433,25,9,12.799,7.3124,26.32683,385,50,18.49,59.36,White Spot (Ich)
2021-07-29 23:41:10 CET,111434,25,9,9.123,7.3124,25.44662,384,50,18.49,59.36,White Spot (Ich)
2021-08-03 02:04:18 CET,120226,23.8125,75,40.868,7.29878,3.08561,560,50,19.7,65.32,White Spot (Ich)
2021-08-03 02:04:37 CET,120227,23.8125,76,40.859,7.29424,3.08561,563,50,19.7,65.32,White Spot (Ich)
2021-08-03 02:04:57 CET,120228,23.875,75,40.841,7.29878,3.08561,563,50,19.7,65.32,White Spot (Ich)
2021-08-03 02:05:16 CET,120229,23.8125,75,40.769,7.29878,2.75806,550,50,19.7,65.32,White Spot (Ich)
2021-08-03 02:05:36 CET,120230,23.8125,75,40.814,7.29424,3.25184,561,50,19.7,65.32,White Spot (Ich)
2021-08-03 02:05:55 CET,120231,23.8125,75,40.868,7.30332,3.15576,563,50,19.7,65.32,White Spot (Ich)
2021-08-03 02:06:15 CET,120232,23.8125,75,40.841,7.29424,3.25184,560,50,19.7,65.32,White Spot (Ich)
2021-08-03 02:06:34 CET,120233,23.8125,75,40.85,7.30786,3.35092,557,50,19.7,65.32,White Spot (Ich)
2021-08-03 02:06:54 CET,120234,23.8125,76,40.805,7.2897,3.37617,557,50,19.7,65.32,White Spot (Ich)
2021-08-03 02:07:13 CET,120235,23.8125,75,40.903,7.29424,3.32586,558,50,19.7,65.32,White Spot (Ich)
2021-08-03 02:07:33 CET,120236,23.8125,76,40.894,7.29424,3.14396,560,50,19.7,65.32,White Spot (Ich)
2021-08-03 02:07:52 CET,120237,23.8125,99,29.995,7.28516,3.25184,560,50,19.7,65.32,White Spot (Ich)
2021-08-03 02:08:12 CET,120238,23.8125,99,30.146,7.29424,3.47915,556,50,19.7,65.32,White Spot (Ich)
2021-08-03 02:08:31 CET,120239,23.8125,99,29.575,7.29878,3.45311,558,50,19.7,65.32,White Spot (Ich)
2021-08-03 02:08:51 CET,120240,23.875,99,27.7,7.30332,3.33837,559,50,19.7,65.32,White Spot (Ich)
2021-08-03 02:09:10 CET,120241,23.8125,100,24.87,7.29424,3.26406,560,50,19.7,65.32,White Spot (Ich)
2021-08-03 02:09:30 CET,120242,23.8125,99,27.691,7.2897,3.301,559,50,19.7,65.32,White Spot (Ich)
2021-08-03 02:09:49 CET,120243,23.8125,99,24.781,7.29424,3.45311,556,50,19.7,65.32,White Spot (Ich)
2021-08-03 02:10:09 CET,120244,23.8125,99,25.451,7.29424,3.26406,559,50,19.7,65.32,White Spot (Ich)
2021-08-03 02:10:29 CET,120245,23.8125,99,23.147,7.29424,3.32586,560,50,19.7,65.32,White Spot (Ich)
2021-08-03 02:10:48 CET,120246,23.8125,99,29.218,7.29424,3.32586,559,50,19.7,65.32,White Spot (Ich)
2021-08-03 02:11:07 CET,120247,23.8125,99,25.951,7.30332,3.4661,557,50,19.7,65.32,White Spot (Ich)
2021-08-03 02:11:27 CET,120248,23.8125,99,25.924,7.29424,3.5585,553,50,19.7,65.32,White Spot (Ich)
2021-08-03 02:11:47 CET,120249,23.8125,99,24.781,7.29878,3.58536,551,50,19.7,65.32,White Spot (Ich)
2021-08-03 02:12:43 CET,120250,23.8125,99,25.629,7.29424,2.96113,555,50,19.7,65.32,White Spot (Ich)
2021-08-03 02:13:02 CET,120251,23.875,99,26.995,7.3124,3.41442,553,50,19.7,65.32,White Spot (Ich)
2021-08-03 02:13:22 CET,120252,23.8125,99,27.129,7.28516,3.4661,555,50,19.7,65.32,White Spot (Ich)
2021-08-03 02:13:41 CET,120253,23.8125,99,30.289,7.28516,3.51859,554,50,19.7,65.32,White Spot (Ich)
2021-08-03 02:14:00 CET,120254,23.8125,99,27.013,7.29878,3.59887,547,50,19.7,65.32,White Spot (Ich)
2021-08-03 02:14:20 CET,120255,23.8125,99,35.565,7.30332,3.73688,546,50,19.7,65.32,White Spot (Ich)
2021-08-03 02:14:39 CET,120256,23.8125,99,27.977,7.29424,3.77933,545,50,19.7,65.32,White Spot (Ich)
2021-08-03 02:14:59 CET,120257,23.8125,99,28.879,7.28516,3.98414,540,50,19.7,65.32,White Spot (Ich)
2021-08-03 02:15:18 CET,120258,23.8125,99,25.317,7.29878,3.88034,540,50,19.7,65.32,White Spot (Ich)
2021-08-03 02:15:38 CET,120259,23.8125,99,27.557,7.29424,4.10629,538,50,19.7,65.32,White Spot (Ich)
2021-08-03 02:15:57 CET,120260,23.8125,99,30.414,7.29424,4.01432,538,50,19.7,65.32,Fin Rot
2021-08-03 02:16:17 CET,120261,23.8125,99,37.145,7.29424,3.98414,537,50,19.7,65.32,Fin Rot
2021-08-03 02:16:36 CET,120262,23.8125,99,35.574,7.29424,4.04474,541,50,19.7,65.32,Fin Rot
2021-08-03 02:18:10 CET,120263,23.8125,69,40.796,7.29424,4.20044,528,50,19.7,65.32,Fin Rot
2021-08-03 02:18:29 CET,120264,23.8125,67,40.805,7.29424,4.24835,529,50,19.7,65.32,Fin Rot
2021-08-03 02:18:49 CET,120265,23.8125,67,40.805,7.28062,4.23231,529,50,19.7,65.32,Fin Rot
2021-08-03 02:19:08 CET,120266,23.8125,70,40.948,7.2897,4.18459,530,50,19.7,65.32,Fin Rot
2021-08-03 02:19:28 CET,120267,23.8125,67,40.921,7.29424,4.2806,528,50,19.7,65.32,Fin Rot
2021-08-03 02:19:47 CET,120268,23.8125,68,40.921,7.30332,4.26444,529,50,19.7,65.32,Fin Rot
2021-08-03 02:20:06 CET,120269,23.8125,70,40.823,7.29424,4.29682,528,50,19.7,65.32,Fin Rot
2021-08-03 02:20:26 CET,120270,23.8125,72,40.859,7.28516,4.26444,529,50,19.7,65.32,Fin Rot
2021-08-03 02:20:45 CET,120271,23.8125,72,40.841,7.30332,4.46257,528,50,19.7,65.32,Fin Rot
2021-08-03 02:21:05 CET,120272,23.8125,72,40.859,7.2897,4.59994,528,50,19.7,65.32,Fin Rot
2021-08-03 02:21:24 CET,120273,23.8125,72,40.805,7.2897,4.67027,528,50,19.7,65.32,Fin Rot
2021-08-03 02:21:44 CET,120274,23.8125,72,40.627,7.30332,4.81429,527,50,19.7,65.32,Fin Rot
2021-08-03 02:22:03 CET,120275,23.8125,72,40.841,7.29424,4.90663,523,50,19.7,65.32,Fin Rot
2021-08-03 02:22:23 CET,120276,23.8125,72,40.814,7.2897,4.85101,524,50,19.7,65.32,Fin Rot
2021-08-03 02:22:42 CET,120277,23.8125,72,40.859,7.29424,4.85101,521,50,19.7,65.32,Fin Rot
2021-08-03 02:23:02 CET,120278,23.75,73,40.877,7.29424,5.0969,521,50,19.7,65.32,Fin Rot
2021-08-03 02:23:21 CET,120279,23.8125,71,40.859,7.30332,4.81429,525,50,19.7,65.32,Fin Rot
2021-08-03 02:23:41 CET,120280,23.8125,70,40.868,7.2897,4.75975,524,50,19.7,65.32,Fin Rot
2021-08-03 02:24:00 CET,120281,23.8125,70,40.805,7.30332,3.92448,507,50,19.7,65.32,Fin Rot
2021-08-03 02:24:20 CET,120282,23.8125,71,40.859,7.2897,4.39549,526,50,19.7,65.32,Fin Rot
2021-08-03 02:24:39 CET,120283,23.8125,71,40.841,7.30332,4.23231,528,50,19.7,65.32,Fin Rot
2021-08-03 02:24:59 CET,120284,23.75,72,40.868,7.29424,4.09081,529,50,19.7,65.32,Fin Rot
2021-08-03 02:25:18 CET,120285,23.8125,73,40.859,7.2897,4.07539,530,50,19.7,65.32,Fin Rot
2021-08-03 02:26:15 CET,120286,23.8125,73,40.823,7.29424,4.07539,533,50,19.7,65.32,Fin Rot
2021-08-03 02:26:34 CET,120287,23.8125,74,40.841,7.27608,4.01432,536,50,19.7,65.32,Fin Rot
2021-08-03 02:26:54 CET,120288,23.8125,98,30.459,7.29424,3.86574,537,50,19.7,65.32,Fin Rot
2021-08-03 02:27:13 CET,120289,23.8125,99,26.513,7.29424,3.86574,541,50,19.7,65.32,Fin Rot
2021-08-03 02:27:33 CET,120290,23.8125,100,28.664,7.30332,4.16881,544,50,19.7,65.32,Fin Rot
2021-08-03 02:27:52 CET,120291,23.8125,98,30.012,7.30786,4.15309,534,50,19.7,65.32,Fin Rot
2021-08-03 02:28:12 CET,120292,23.8125,98,26.486,7.29878,4.07539,535,50,19.7,65.32,Fin Rot
2021-08-03 02:29:08 CET,120293,23.8125,99,28.048,7.29424,3.79359,541,50,19.7,65.32,Fin Rot
2021-08-03 02:29:28 CET,120294,23.8125,99,31.78,7.29424,3.8512,540,50,19.7,65.32,Fin Rot
2021-08-03 02:30:25 CET,120295,23.75,100,28.959,7.29878,4.16881,539,50,19.7,65.32,Fin Rot
2021-08-03 02:30:44 CET,120296,23.8125,100,28.084,7.2897,4.46257,533,50,19.7,65.32,Fin Rot
2021-08-03 02:31:04 CET,120297,23.8125,99,24.844,7.2897,4.41216,530,50,19.7,65.32,Fin Rot
2021-08-03 02:31:23 CET,120298,23.8125,99,28.173,7.34417,4.4289,533,50,19.7,65.32,Fin Rot
2021-08-03 02:31:43 CET,120299,23.75,99,28.075,7.31694,3.79359,523,50,19.7,65.32,Fin Rot
2021-08-03 02:32:02 CET,120300,23.75,99,29.718,7.28516,4.0295,536,50,19.7,65.32,Fin Rot
2021-08-03 02:32:22 CET,120301,23.8125,99,23.263,7.28516,3.80791,545,50,19.7,65.32,Fin Rot
2021-08-03 02:32:41 CET,120302,23.8125,99,27.281,7.29424,3.93931,543,50,19.7,65.32,Fin Rot
2021-08-03 02:33:01 CET,120303,23.8125,100,26.406,7.29424,3.96914,544,50,19.7,65.32,Fin Rot
2021-08-04 01:09:50 CET,122220,24.8125,65,38.778,7.27608,2.62737,629,50,19.96,65.76,Fin Rot
2021-08-04 01:10:10 CET,122221,24.8125,63,38.702,7.25338,2.64705,627,50,19.96,65.76,Fin Rot
2021-08-04 01:10:29 CET,122222,24.8125,65,38.728,7.25792,2.59811,630,50,19.96,65.76,Fin Rot
2021-08-04 01:10:49 CET,122223,24.8125,64,38.686,7.25792,2.47513,638,50,19.96,65.76,Fin Rot
2021-08-04 01:11:45 CET,122224,24.75,66,38.702,7.267,2.51232,637,50,19.96,65.76,Fin Rot
2021-08-04 01:12:05 CET,122225,24.8125,65,38.677,7.27154,2.49365,641,50,19.96,65.76,Fin Rot
2021-08-04 01:12:24 CET,122226,24.8125,64,38.686,7.26246,2.46591,638,50,19.96,65.76,Fin Rot
2021-08-04 01:12:44 CET,122227,24.75,65,38.669,7.27608,2.59811,637,50,19.96,65.76,Fin Rot
2021-08-04 01:13:03 CET,122228,24.75,68,38.728,7.26246,2.51232,638,50,19.96,65.76,Fin Rot
2021-08-04 01:13:22 CET,122229,24.8125,68,38.677,7.25338,2.48437,638,50,19.96,65.76,Fin Rot
2021-08-04 01:13:42 CET,122230,24.8125,70,38.77,7.27154,2.39346,639,50,19.96,65.76,Fin Rot
2021-08-04 01:14:01 CET,122231,24.75,69,38.686,7.267,2.37569,639,50,19.96,65.76,Fin Rot
2021-08-04 01:14:21 CET,122232,24.75,69,38.626,7.267,2.63719,633,50,19.96,65.76,Fin Rot
2021-08-04 01:15:17 CET,122233,24.75,64,38.736,7.29424,2.45674,639,50,19.96,65.76,Fin Rot
2021-08-04 01:15:37 CET,122234,24.8125,67,38.652,7.267,2.58844,637,50,19.96,65.76,Fin Rot
2021-08-04 01:15:56 CET,122235,24.75,66,38.669,7.26246,2.50297,637,50,19.96,65.76,Fin Rot
2021-08-04 01:16:16 CET,122236,24.75,67,38.686,7.27154,2.55009,637,50,19.96,65.76,Fin Rot
2021-08-04 01:16:35 CET,122237,24.75,65,38.635,7.29424,2.56919,635,50,19.96,65.76,Fin Rot
2021-08-04 01:16:55 CET,122238,24.8125,65,38.745,7.25792,2.57879,635,50,19.96,65.76,Fin Rot
2021-08-04 01:17:14 CET,122239,24.75,65,38.635,7.24885,2.56919,631,50,19.96,65.76,Fin Rot
2021-08-04 01:17:33 CET,122240,24.75,64,38.686,7.27608,2.62737,635,50,19.96,65.76,Fin Rot
2021-08-04 01:18:30 CET,122241,24.75,65,38.736,7.25792,2.51232,623,50,19.96,65.76,Fin Rot
2021-08-04 01:18:49 CET,122242,24.75,65,38.728,7.267,2.48437,638,50,19.96,65.76,Fin Rot
2021-08-04 01:19:09 CET,122243,24.75,65,38.626,7.25792,2.41137,640,50,19.96,65.76,Fin Rot
2021-08-04 01:19:28 CET,122244,24.75,67,38.652,7.267,2.28882,644,50,19.96,65.76,Fin Rot
2021-08-04 01:19:48 CET,122245,24.75,67,38.795,7.25792,2.41137,641,50,19.96,65.76,Red Spot
2021-08-04 01:20:44 CET,122246,24.75,67,38.686,7.267,2.43849,640,50,19.96,65.76,Red Spot
2021-08-04 01:21:04 CET,122247,24.75,68,38.677,7.267,2.45674,640,50,19.96,65.76,Red Spot
2021-08-04 01:21:23 CET,122248,24.75,69,38.652,7.25792,2.53113,640,50,19.96,65.76,Red Spot
2021-08-04 01:21:43 CET,122249,24.75,67,38.669,7.267,2.42941,641,50,19.96,65.76,Red Spot
2021-08-04 01:22:02 CET,122250,24.75,69,38.694,7.27154,2.34055,643,50,19.96,65.76,Red Spot
2021-08-04 01:22:22 CET,122251,24.75,68,38.694,7.26246,2.41137,640,50,19.96,65.76,Red Spot
2021-08-04 01:22:41 CET,122252,24.75,68,38.686,7.25792,2.46591,641,50,19.96,65.76,Red Spot
2021-08-04 01:23:38 CET,122253,24.75,68,38.686,7.25792,2.33184,644,50,19.96,65.76,Red Spot
2021-08-04 01:23:57 CET,122254,24.75,68,38.686,7.267,2.39346,641,50,19.96,65.76,Red Spot
2021-08-04 01:24:17 CET,122255,24.75,69,38.778,7.27154,2.45674,640,50,19.96,65.76,Red Spot
2021-08-04 01:24:36 CET,122256,24.75,69,38.643,7.267,2.0623,624,50,19.96,65.76,Red Spot
2021-08-04 01:24:56 CET,122257,24.75,69,38.652,7.25338,2.47513,639,50,19.96,65.76,Red Spot
2021-08-04 01:25:16 CET,122258,24.75,68,38.745,7.25792,2.46591,641,50,19.96,65.76,Red Spot
2021-08-04 01:26:12 CET,122259,24.75,67,38.643,7.25338,2.26339,643,50,19.96,65.76,Red Spot
2021-08-04 01:26:31 CET,122260,24.75,66,38.584,7.267,2.0243,625,50,19.96,65.76,Red Spot
2021-08-04 01:26:51 CET,122261,24.75,66,38.686,7.267,2.28882,643,50,19.96,65.76,Red Spot
2021-08-04 01:27:10 CET,122262,24.8125,65,38.736,7.28516,2.33184,640,50,19.96,65.76,Red Spot
2021-08-09 12:35:54 CET,131700,24.0625,98,1.479,7.12174,0.95172,879,50,21.26,67.96,Red Spot
2021-08-09 12:36:14 CET,131701,24.0625,98,1.842,7.1399,1.10052,903,50,21.26,67.96,Red Spot
2021-08-09 12:36:33 CET,131702,24,98,6.406,7.13536,1.06427,909,50,21.26,67.96,Red Spot
2021-08-09 12:36:53 CET,131703,24.0625,98,2.138,7.12174,1.11702,908,50,21.26,67.96,Red Spot
2021-08-09 12:37:13 CET,131704,24.0625,98,0.811,7.12174,1.12956,906,50,21.26,67.96,Red Spot
2021-08-09 12:37:33 CET,131705,24.0625,98,3.981,7.13082,0.67707,931,50,21.26,67.96,Red Spot
2021-08-09 12:37:53 CET,131706,24.0625,98,1.141,7.13082,0.33879,1003,50,21.26,67.96,Red Spot
2021-08-09 12:39:46 CET,131708,24.0625,98,1.944,7.12174,1.06824,925,50,21.26,67.96,Red Spot
2021-08-09 12:40:06 CET,131709,24.0625,98,2.087,7.13082,1.15076,913,50,21.26,67.96,Red Spot
2021-08-09 12:40:26 CET,131710,24.0625,98,1.589,7.12628,1.25817,906,50,21.26,67.96,Red Spot
2021-08-09 12:40:46 CET,131711,24.0625,98,1.834,7.12174,1.31066,897,50,21.26,67.96,Red Spot
2021-08-09 12:41:05 CET,131712,24.0625,99,1.318,7.12174,1.29613,891,50,21.26,67.96,Red Spot
2021-08-09 12:41:25 CET,131713,24.0625,100,0.676,7.1399,1.29613,892,50,21.26,67.96,Red Spot
2021-08-09 12:42:22 CET,131714,24.0625,100,4.454,7.13082,1.17236,895,50,21.26,67.96,Red Spot
2021-08-09 12:42:42 CET,131715,24.0625,100,0.211,7.13082,1.14649,901,50,21.26,67.96,Red Spot
2021-08-09 12:43:02 CET,131716,24.0625,98,2.806,7.12628,1.15076,898,50,21.26,67.96,Red Spot
2021-08-09 12:43:21 CET,131717,24.0625,99,1.014,7.12628,1.13799,891,50,21.26,67.96,Red Spot
2021-08-09 12:43:45 CET,131718,24.125,98,1.496,7.1399,1.0883,894,50,21.26,67.96,Red Spot
2021-08-09 12:44:05 CET,131719,24.125,98,0.177,7.13082,1.03303,897,50,21.26,67.96,Red Spot
2021-08-09 12:44:24 CET,131720,24.125,98,1.453,7.1172,1.02919,899,50,21.26,67.96,Red Spot
2021-08-09 12:44:44 CET,131721,24.0625,98,1.808,7.12174,1.03303,898,50,21.26,67.96,Red Spot
2021-08-09 12:45:04 CET,131722,24.0625,98,2.349,7.1399,1.10052,895,50,21.26,67.96,Red Spot
2021-08-09 12:45:44 CET,131724,24.0625,98,2.045,7.12174,1.10052,896,50,21.26,67.96,Red Spot
2021-08-09 12:46:04 CET,131725,24.0625,98,2.155,7.12174,1.10462,905,50,21.26,67.96,Red Spot
2021-08-09 12:46:24 CET,131726,24.0625,98,1.529,7.12628,1.15076,897,50,21.26,67.96,Red Spot
2021-08-09 12:46:44 CET,131727,24.0625,98,5.189,7.12174,1.06427,902,50,21.26,67.96,Red Spot
2021-08-09 12:47:04 CET,131728,24.0625,98,2.29,7.14444,1.04075,905,50,21.26,67.96,Red Spot
2021-08-09 12:47:24 CET,131729,24.0625,100,0.262,7.13082,1.02155,899,50,21.26,67.96,Red Spot
2021-08-09 12:47:43 CET,131730,24.0625,100,0.194,7.13082,1.01776,900,50,21.26,67.96,Red Spot
2021-08-09 12:48:23 CET,131732,24.0625,99,1.31,7.13082,1.16801,891,50,21.26,67.96,Red Spot
2021-08-09 12:48:43 CET,131733,24.0625,98,6.432,7.12174,1.28654,880,50,21.26,67.96,Red Spot
2021-08-09 12:49:03 CET,131734,24.0625,98,1.834,7.1172,1.34021,878,50,21.26,67.96,Red Spot
2021-08-09 12:49:23 CET,131735,24.125,98,1.808,7.11266,1.28654,877,50,21.26,67.96,Red Spot
2021-08-09 12:49:43 CET,131736,24.125,98,5.443,7.12174,1.2396,880,50,21.26,67.96,Red Spot
2021-08-09 12:50:03 CET,131737,24.125,98,1.977,7.12174,1.28177,878,50,21.26,67.96,Red Spot
2021-08-09 12:50:26 CET,131738,24.125,98,10.928,7.12174,1.31554,875,50,21.26,67.96,Red Spot
2021-08-09 12:50:46 CET,131739,24.0625,98,3.795,7.12174,1.33524,870,50,21.26,67.96,Red Spot
2021-08-09 12:51:05 CET,131740,24.125,98,3.161,7.1172,1.44894,865,50,21.26,67.96,Red Spot
2021-08-09 12:51:45 CET,131742,24.125,98,1.682,7.12174,1.4761,861,50,21.26,67.96,Red Spot
2021-08-09 12:52:42 CET,131743,24.125,98,2.299,7.12174,1.46518,858,50,21.26,67.96,Red Spot
2021-08-09 12:53:02 CET,131744,24.0625,98,6.28,7.1399,1.44894,859,50,21.26,67.96,Red Spot
2021-08-09 12:53:21 CET,131745,24.125,98,6.001,7.11266,1.39094,857,50,21.26,67.96,Red Spot
2021-08-09 12:54:18 CET,131746,24.125,98,2.358,7.12628,1.15936,834,50,21.26,67.96,Red Spot
2021-08-12 21:57:26 CET,144880,23.625,94,1.91,7.10812,0.09617,1246,50,22.04,69.28,White Spot (Ich)
2021-08-12 21:57:45 CET,144881,23.625,94,1.106,7.10358,0.09781,1245,50,22.04,69.28,White Spot (Ich)
2021-08-12 21:58:25 CET,144883,23.625,94,1.205,7.1172,0.09658,1248,50,22.04,69.28,White Spot (Ich)
2021-08-12 21:59:05 CET,144885,23.625,94,2.08,7.10358,0.09536,1251,50,22.04,69.28,White Spot (Ich)
2021-08-12 21:59:44 CET,144887,23.625,94,2.285,7.11266,0.09336,1255,50,22.04,69.28,White Spot (Ich)
2021-08-12 22:00:04 CET,144888,23.6875,94,3.231,7.1172,0.09336,1258,50,22.04,69.28,White Spot (Ich)
2021-08-12 22:00:24 CET,144889,23.625,95,5.258,7.14898,0.08005,1220,50,22.04,69.28,White Spot (Ich)
2021-08-12 22:00:44 CET,144890,23.625,94,1.856,7.10358,0.09699,1262,50,22.04,69.28,White Spot (Ich)
2021-08-12 22:01:04 CET,144891,23.625,94,2.142,7.12174,0.10462,1253,50,22.04,69.28,White Spot (Ich)
2021-08-12 22:01:43 CET,144893,23.625,94,2.49,7.12628,0.1147,1243,50,22.04,69.28,White Spot (Ich)
2021-08-12 22:02:40 CET,144894,23.6875,94,0.553,7.12174,0.1176,1232,50,22.04,69.28,White Spot (Ich)
2021-08-12 22:03:39 CET,144897,23.625,94,1.892,7.12174,0.11663,1232,50,22.04,69.28,White Spot (Ich)
2021-08-12 22:03:59 CET,144898,23.625,94,11.328,7.12174,0.11094,1232,50,22.04,69.28,White Spot (Ich)
2021-08-12 22:04:19 CET,144899,23.6875,94,5.454,7.12174,0.10956,1232,50,22.04,69.28,White Spot (Ich)
2021-08-12 22:04:39 CET,144900,23.625,94,6.623,7.11266,0.11328,1232,50,22.04,69.28,White Spot (Ich)
2021-08-12 22:04:59 CET,144901,23.625,94,2.044,7.11266,0.11809,1222,50,22.04,69.28,White Spot (Ich)
2021-08-12 22:05:19 CET,144902,23.625,94,3.311,7.1172,0.11094,1230,50,22.04,69.28,White Spot (Ich)
2021-08-12 22:05:39 CET,144903,23.625,94,4.392,7.12174,0.10774,1232,50,22.04,69.28,White Spot (Ich)
2021-08-12 22:05:58 CET,144904,23.625,94,1.142,7.1172,0.10774,1232,50,22.04,69.28,White Spot (Ich)
2021-08-12 22:06:18 CET,144905,23.625,94,1.91,7.14898,0.11234,1224,50,22.04,69.28,White Spot (Ich)
2021-08-12 22:06:38 CET,144906,23.6875,94,11.462,7.10358,0.11422,1221,50,22.04,69.28,White Spot (Ich)
2021-08-12 22:07:55 CET,144908,23.625,94,2.419,7.1172,0.10375,1226,50,22.04,69.28,White Spot (Ich)
2021-08-12 22:08:15 CET,144909,23.6875,94,2.321,7.10812,0.10375,1224,50,22.04,69.28,White Spot (Ich)
2021-08-12 22:08:35 CET,144910,23.625,94,2.285,7.10812,0.10774,1223,50,22.04,69.28,White Spot (Ich)
2021-08-12 22:08:54 CET,144911,23.625,94,2.642,7.10812,0.10639,1228,50,22.04,69.28,White Spot (Ich)
2021-08-12 22:09:14 CET,144912,23.625,94,1.91,7.12174,0.10288,1232,50,22.04,69.28,White Spot (Ich)
2021-08-12 22:10:13 CET,144915,23.625,94,3.079,7.11266,0.11281,1231,50,22.04,69.28,White Spot (Ich)
2021-08-12 22:10:33 CET,144916,23.625,94,4.499,7.10812,0.11187,1232,50,22.04,69.28,White Spot (Ich)
2021-08-12 22:11:32 CET,144919,23.6875,95,2.258,7.10812,0.10774,1233,50,22.04,69.28,White Spot (Ich)
2021-08-12 22:12:12 CET,144921,23.625,95,2.794,7.1172,0.10684,1233,50,22.04,69.28,White Spot (Ich)
2021-08-12 22:12:31 CET,144922,23.625,95,1.749,7.11266,0.11048,1229,50,22.04,69.28,White Spot (Ich)
2021-08-12 22:12:51 CET,144923,23.625,95,2.204,7.11266,0.10774,1229,50,22.04,69.28,White Spot (Ich)
2021-08-12 22:13:31 CET,144925,23.625,95,1.883,7.1172,0.10375,1233,50,22.04,69.28,White Spot (Ich)
2021-08-12 22:13:51 CET,144926,23.625,95,1.651,7.10358,0.10288,1237,50,22.04,69.28,White Spot (Ich)
2021-08-12 22:14:50 CET,144929,23.625,95,0.865,7.1172,0.11375,1232,50,22.04,69.28,White Spot (Ich)
2021-08-12 22:15:31 CET,144931,23.625,95,1.633,7.11266,0.1147,1232,50,22.04,69.28,White Spot (Ich)
2021-08-12 22:15:51 CET,144932,23.6875,95,2.124,7.11266,0.1091,1233,50,22.04,69.28,White Spot (Ich)
2021-08-12 22:16:11 CET,144933,23.625,95,2.276,7.12174,0.11234,1233,50,22.04,69.28,White Spot (Ich)
2021-08-12 22:16:31 CET,144934,23.625,95,4.418,7.12174,0.1176,1229,50,22.04,69.28,White Spot (Ich)
2021-08-12 22:16:50 CET,144935,23.6875,95,2.24,7.12174,0.1176,1226,50,22.04,69.28,White Spot (Ich)
2021-08-12 22:17:10 CET,144936,23.625,95,3.785,7.12174,0.1176,1222,50,22.04,69.28,White Spot (Ich)
2021-08-14 10:31:34 CET,149640,24,87,8.249,7.09904,0.39668,983,50,22.52,70.2,White Spot (Ich)
2021-08-14 10:31:54 CET,149641,24.0625,87,8.57,7.0945,0.39668,983,50,22.52,70.2,White Spot (Ich)
2021-08-14 10:32:14 CET,149642,24,87,10.396,7.0945,0.38618,986,50,22.52,70.2,White Spot (Ich)
2021-08-14 10:33:10 CET,149643,24.0625,86,13.464,7.12174,0.36878,991,50,22.52,70.2,White Spot (Ich)
2021-08-14 10:33:30 CET,149644,24,87,1.741,7.09904,0.27901,961,50,22.52,70.2,White Spot (Ich)
2021-08-14 10:33:50 CET,149645,24,86,8.224,7.0945,0.3454,994,50,22.52,70.2,White Spot (Ich)
2021-08-14 10:34:10 CET,149646,24.0625,86,11.097,7.09904,0.31969,1007,50,22.52,70.2,White Spot (Ich)
2021-08-14 10:34:30 CET,149647,24.0625,86,7.649,7.09904,0.30397,1011,50,22.52,70.2,White Spot (Ich)
2021-08-14 10:34:50 CET,149648,24.0625,86,4.488,7.0945,0.30162,1019,50,22.52,70.2,White Spot (Ich)
2021-08-14 10:35:09 CET,149649,24.0625,87,8.579,7.09904,0.30993,1019,50,22.52,70.2,Red Spot
2021-08-14 10:35:29 CET,149650,24,86,11.723,7.09904,0.30515,1022,50,22.52,70.2,Red Spot
2021-08-14 10:35:49 CET,149651,24.0625,87,6.001,7.09904,0.30993,1035,50,22.52,70.2,Red Spot
2021-08-14 10:36:09 CET,149652,24,86,9.297,7.0945,0.33231,1031,50,22.52,70.2,Red Spot
2021-08-14 10:36:28 CET,149653,24.0625,87,8.748,7.09904,0.39215,1008,50,22.52,70.2,Red Spot
2021-08-14 10:36:48 CET,149654,24.0625,87,8.139,7.10812,0.40746,999,50,22.52,70.2,Red Spot
2021-08-14 10:37:08 CET,149655,24.0625,86,8.063,7.0945,0.43815,999,50,22.52,70.2,Red Spot
2021-08-14 10:37:28 CET,149656,24.0625,86,9.644,7.0945,0.4657,1004,50,22.52,70.2,Red Spot
2021-08-14 10:37:49 CET,149657,24.0625,86,8.384,7.09904,0.48192,999,50,22.52,70.2,Red Spot
2021-08-14 10:38:08 CET,149658,24.0625,86,8.781,7.0945,0.49303,994,50,22.52,70.2,Red Spot
2021-08-14 10:39:42 CET,149659,24.0625,86,8.317,7.09904,0.54204,978,50,22.52,70.2,Red Spot
2021-08-14 10:40:02 CET,149660,24.0625,86,9.179,7.0945,0.54204,976,50,22.52,70.2,Red Spot
2021-08-14 10:40:22 CET,149661,24.0625,88,10.725,7.0945,0.53795,974,50,22.52,70.2,Red Spot
2021-08-14 10:40:41 CET,149662,24.0625,85,9.179,7.0945,0.55448,971,50,22.52,70.2,Red Spot
2021-08-14 10:41:01 CET,149663,24.0625,85,16.219,7.08996,0.56081,962,50,22.52,70.2,Red Spot
2021-08-14 10:41:21 CET,149664,24.0625,86,9.077,7.0945,0.49116,925,50,22.52,70.2,Red Spot
2021-08-14 10:41:41 CET,149665,24.0625,88,6.66,7.09904,0.56081,956,50,22.52,70.2,Red Spot
2021-08-14 10:42:01 CET,149666,24.0625,86,8.621,7.0945,0.5715,934,50,22.52,70.2,Red Spot
2021-08-14 10:42:21 CET,149667,24.0625,86,8.925,7.09904,0.51796,976,50,22.52,70.2,Red Spot
2021-08-14 10:42:41 CET,149668,24.0625,86,9.305,7.09904,0.51016,955,50,22.52,70.2,Red Spot
2021-08-14 10:43:01 CET,149669,24.125,86,10.015,7.09904,0.46217,945,50,22.52,70.2,Red Spot
2021-08-14 10:43:20 CET,149670,24.0625,87,6.761,7.0945,0.41217,967,50,22.52,70.2,Red Spot
2021-08-14 10:44:17 CET,149671,24.0625,86,3.811,7.08542,0.40127,997,50,22.52,70.2,Red Spot
2021-08-14 10:44:37 CET,149672,24.0625,86,6.144,7.08542,0.41217,999,50,22.52,70.2,Red Spot
2021-08-14 10:45:33 CET,149673,24.0625,85,11.224,7.08542,0.46926,975,50,22.52,70.2,Red Spot
2021-08-14 10:45:53 CET,149674,24.125,85,9.027,7.08542,0.50439,972,50,22.52,70.2,Red Spot
2021-08-14 10:46:50 CET,149675,24.0625,86,8.528,7.08996,0.59349,957,50,22.52,70.2,Red Spot
2021-08-14 10:47:09 CET,149676,24.0625,86,7.252,7.08542,0.63275,944,50,22.52,70.2,Red Spot
2021-08-14 10:47:29 CET,149677,24.125,85,8.418,7.08996,0.65949,926,50,22.52,70.2,Red Spot
2021-08-14 10:47:48 CET,149678,24.0625,86,7.877,7.09904,0.67707,912,50,22.52,70.2,Red Spot
2021-08-14 10:48:08 CET,149679,24.0625,85,8.511,7.08996,0.66447,905,50,22.52,70.2,Red Spot
2021-08-14 10:48:28 CET,149680,24.0625,86,9.424,7.08542,0.67707,899,50,22.52,70.2,Red Spot
2021-08-14 10:49:25 CET,149681,24.0625,85,7.818,7.08996,0.63753,893,50,22.52,70.2,Red Spot
2021-08-14 10:49:48 CET,149682,24.125,86,12.492,7.08542,0.62329,893,50,22.52,70.2,Red Spot
2021-08-14 10:50:35 CET,149683,24.125,85,8.131,7.08996,0.59125,887,50,22.52,70.2,Red Spot
2021-08-14 10:50:59 CET,149684,24.125,85,9.635,7.08542,0.62095,883,50,22.52,70.2,Red Spot
2021-08-14 10:51:22 CET,149685,24.125,85,8.486,7.08542,0.61397,877,50,22.52,70.2,Red Spot
2021-08-14 10:51:42 CET,149686,24.125,85,9.212,7.08996,0.62095,877,50,22.52,70.2,Red Spot
2021-08-14 10:52:08 CET,149687,24.125,85,7.311,7.0945,0.60707,880,50,22.52,70.2,Red Spot
2021-08-14 10:52:35 CET,149688,24.125,85,5.468,7.08996,0.5802,886,50,22.52,70.2,Red Spot
2021-08-14 10:52:57 CET,149689,24.125,85,8.748,7.08996,0.60707,880,50,22.52,70.2,Red Spot
2021-08-14 10:54:34 CET,149690,24.0625,85,7.894,7.08088,0.62801,881,50,22.52,70.2,Red Spot
2021-08-14 10:55:32 CET,149691,24.125,85,8.655,7.08542,0.66697,866,50,22.52,70.2,Red Spot
2021-08-14 10:55:52 CET,149692,24.125,85,8.359,7.08996,0.70828,861,50,22.52,70.2,Red Spot
2021-08-14 10:56:12 CET,149693,24.125,86,10.066,7.08542,0.75207,851,50,22.52,70.2,Red Spot
2021-08-15 00:31:38 CET,151386,24.625,93,0.828,7.08088,1.27227,938,50,22.63,74.13,Red Spot
2021-08-15 00:31:58 CET,151387,24.625,93,4.623,7.08542,1.28177,940,50,22.63,74.13,Red Spot
2021-08-15 00:32:20 CET,151388,24.625,93,4.64,7.08542,1.30096,938,50,22.63,74.13,Red Spot
2021-08-15 00:32:43 CET,151389,24.6875,93,0.794,7.08996,1.43289,930,50,22.63,74.13,Red Spot
2021-08-15 00:33:03 CET,151390,24.625,93,5.671,7.08542,1.4761,928,50,22.63,74.13,Red Spot
2021-08-15 00:33:23 CET,151391,24.625,93,4.75,7.08088,1.45434,926,50,22.63,74.13,Red Spot
2021-08-15 00:33:43 CET,151392,24.625,93,3.465,7.07635,1.43822,926,50,22.63,74.13,Red Spot
2021-08-15 00:34:41 CET,151393,24.6875,93,8.976,7.08996,1.36028,924,50,22.63,74.13,Red Spot
2021-08-15 00:35:01 CET,151394,24.625,93,7.125,7.08542,1.42228,922,50,22.63,74.13,Red Spot
2021-08-15 00:35:20 CET,151395,24.6875,93,4.141,7.07635,1.42228,919,50,22.63,74.13,Red Spot
2021-08-15 00:35:41 CET,151396,24.6875,93,4.116,7.09904,1.47063,917,50,22.63,74.13,Red Spot
2021-08-15 00:36:01 CET,151397,24.625,93,4.319,7.08542,1.46518,914,50,22.63,74.13,Red Spot
2021-08-15 00:36:21 CET,151398,24.625,93,7.125,7.08996,1.4816,911,50,22.63,74.13,Red Spot
2021-08-15 00:37:55 CET,151399,24.625,93,8.418,7.08088,1.50937,899,50,22.63,74.13,Red Spot
2021-08-15 00:38:15 CET,151400,24.625,93,4.124,7.06727,1.45434,899,50,22.63,74.13,Red Spot
2021-08-15 00:38:34 CET,151401,24.625,93,3.93,7.08542,1.45975,898,50,22.63,74.13,Red Spot
2021-08-15 00:38:54 CET,151402,24.625,92,5.629,7.08542,1.45975,899,50,22.63,74.13,Red Spot
2021-08-15 00:39:14 CET,151403,24.625,93,3.718,7.08542,1.44894,899,50,22.63,74.13,Red Spot
2021-08-15 00:40:10 CET,151404,24.625,93,3.955,7.08996,1.43822,902,50,22.63,74.13,Red Spot
2021-08-15 00:40:30 CET,151405,24.6875,93,3.702,7.08542,1.44894,897,50,22.63,74.13,Red Spot
2021-08-15 00:41:26 CET,151406,24.6875,93,3.947,7.08542,1.39094,896,50,22.63,74.13,Red Spot
2021-08-15 00:41:46 CET,151407,24.625,93,3.769,7.08542,1.35021,898,50,22.63,74.13,Red Spot
2021-08-15 00:42:43 CET,151408,24.625,93,3.93,7.08996,1.37042,896,50,22.63,74.13,Red Spot
2021-08-15 00:43:03 CET,151409,24.625,93,3.769,7.08542,1.36028,896,50,22.63,74.13,Red Spot
2021-08-15 00:43:22 CET,151410,24.625,93,10.354,7.08996,1.33029,901,50,22.63,74.13,Red Spot
2021-08-15 00:44:19 CET,151411,24.6875,93,12.475,7.08996,1.38064,896,50,22.63,74.13,Red Spot
2021-08-15 00:44:38 CET,151412,24.6875,93,3.795,7.08542,1.39094,896,50,22.63,74.13,Red Spot
2021-08-15 00:44:58 CET,151413,24.625,93,10.996,7.08996,1.37552,896,50,22.63,74.13,Red Spot
2021-08-15 00:45:37 CET,151415,24.625,94,3.237,7.08542,1.40131,893,50,22.63,74.13,Red Spot
2021-08-15 00:46:34 CET,151416,24.625,94,2.476,7.08542,1.43822,885,50,22.63,74.13,Red Spot
2021-08-15 00:46:54 CET,151417,24.625,94,3.465,7.08996,1.4816,881,50,22.63,74.13,Red Spot
2021-08-15 00:47:13 CET,151418,24.625,93,2.907,7.08542,1.4761,880,50,22.63,74.13,Red Spot
2021-08-15 00:48:29 CET,151420,24.625,93,3.626,7.08542,1.41701,878,50,22.63,74.13,Red Spot
2021-08-15 00:48:49 CET,151421,24.625,93,3.795,7.08088,1.43289,879,50,22.63,74.13,Red Spot
2021-08-15 00:49:09 CET,151422,24.625,93,3.82,7.0945,1.41701,880,50,22.63,74.13,Red Spot
2021-08-15 00:49:28 CET,151423,24.625,93,2.493,7.08996,1.42228,880,50,22.63,74.13,Red Spot
2021-08-15 00:49:48 CET,151424,24.625,93,4.226,7.08996,1.37552,884,50,22.63,74.13,Red Spot
2021-08-15 00:50:08 CET,151425,24.625,93,7.252,7.08996,1.33524,891,50,22.63,74.13,Red Spot
2021-08-15 00:51:04 CET,151426,24.625,93,3.118,7.09904,1.14649,912,50,22.63,74.13,Red Spot
2021-08-15 00:52:38 CET,151427,24.625,93,8.088,7.08996,1.3058,912,50,22.63,74.13,Red Spot
2021-08-15 00:52:57 CET,151428,24.625,93,4.445,7.0945,1.34021,912,50,22.63,74.13,Red Spot
2021-08-15 00:53:17 CET,151429,24.625,93,4.09,7.09904,1.43289,910,50,22.63,74.13,Red Spot
2021-08-15 00:53:36 CET,151430,24.625,93,7.683,7.08542,1.45975,907,50,22.63,74.13,Red Spot
2021-08-15 00:54:16 CET,151432,24.6875,92,4.395,7.08996,1.4982,905,50,22.63,74.13,Red Spot
2021-08-15 00:54:36 CET,151433,24.625,92,5.806,7.08542,1.4982,905,50,22.63,74.13,Red Spot
2021-08-15 00:55:16 CET,151435,24.625,93,3.795,7.08996,1.33029,915,50,22.63,74.13,Red Spot
2021-08-15 00:55:35 CET,151436,24.625,93,2.823,7.08996,1.3452,913,50,22.63,74.13,Red Spot
2021-08-15 00:57:32 CET,151440,24.625,94,1.927,7.0945,0.97689,909,50,22.63,74.13,Red Spot
2021-08-15 00:57:51 CET,151441,24.625,94,6.102,7.08996,1.21677,940,50,22.63,74.13,Red Spot
2021-08-15 00:58:11 CET,151442,24.625,93,4.175,7.08542,1.26285,941,50,22.63,74.13,Red Spot
2021-08-15 00:58:31 CET,151443,24.625,93,3,7.09904,1.39611,929,50,22.63,74.13,Red Spot
2021-08-15 00:58:50 CET,151444,24.625,93,11.385,7.08542,1.36028,931,50,22.63,74.13,Red Spot
2021-08-15 00:59:10 CET,151445,24.625,93,2.527,7.08542,1.26285,935,50,22.63,74.13,Red Spot
2021-08-15 00:59:30 CET,151446,24.625,93,1.377,7.07635,1.22585,941,50,22.63,74.13,Red Spot
2021-08-15 01:00:09 CET,151448,24.625,94,6.694,7.08542,1.18993,949,50,22.63,74.13,Red Spot
2021-08-15 01:00:28 CET,151449,24.625,94,1.141,7.08542,1.2535,945,50,22.63,74.13,Red Spot
2021-08-15 01:00:49 CET,151450,24.625,93,3.786,7.08542,1.28654,944,50,22.63,74.13,Red Spot
2021-08-15 01:01:09 CET,151451,24.625,93,5.536,7.08996,1.14224,951,50,22.63,74.13,Red Spot
2021-08-15 01:01:29 CET,151452,24.625,93,2.265,7.08542,1.20328,949,50,22.63,74.13,Red Spot
2021-08-10 04:33:32 CET,134574,23.75,98,6.972,7.14444,0.58903,896,50,20.25,61.01,Red Spot
2021-08-10 04:33:51 CET,134575,23.75,93,6.686,7.1399,0.49303,896,50,20.25,61.01,Red Spot
2021-08-10 04:34:11 CET,134576,23.75,93,7.168,7.14444,0.49491,894,50,20.25,61.01,Red Spot
2021-08-10 04:34:30 CET,134577,23.75,93,10.908,7.14444,0.55869,897,50,20.25,61.01,Red Spot
2021-08-10 04:35:29 CET,134580,23.75,93,1.687,7.13082,0.49303,890,50,20.25,61.01,Red Spot
2021-08-10 04:35:49 CET,134581,23.75,93,8.891,7.13082,0.5503,896,50,20.25,61.01,Red Spot
2021-08-10 04:36:08 CET,134582,23.75,94,8.15,7.1399,0.54823,898,50,20.25,61.01,White Spot (Ich)
2021-08-10 04:36:28 CET,134583,23.75,96,2.972,7.1399,0.54616,896,50,20.25,61.01,White Spot (Ich)
2021-08-10 04:36:47 CET,134584,23.75,94,7.829,7.1399,0.55448,894,50,20.25,61.01,White Spot (Ich)
2021-08-10 04:37:08 CET,134585,23.6875,93,12.444,7.12628,0.4483,896,50,20.25,61.01,White Spot (Ich)
2021-08-10 04:37:27 CET,134586,23.75,93,2.142,7.13082,0.46041,897,50,20.25,61.01,White Spot (Ich)
2021-08-10 04:37:47 CET,134587,23.75,93,6.873,7.13082,0.5339,899,50,20.25,61.01,White Spot (Ich)
2021-08-10 04:38:06 CET,134588,23.75,95,5.927,7.14444,0.51796,897,50,20.25,61.01,White Spot (Ich)
2021-08-10 04:38:26 CET,134589,23.75,93,7.909,7.1399,0.43815,898,50,20.25,61.01,White Spot (Ich)
2021-08-10 04:38:46 CET,134590,23.75,93,7.025,7.14444,0.5672,891,50,20.25,61.01,White Spot (Ich)
2021-08-10 04:39:44 CET,134593,23.75,92,15.113,7.14898,0.5672,883,50,20.25,61.01,White Spot (Ich)
2021-08-10 04:40:04 CET,134594,23.75,93,8.177,7.14444,0.5219,880,50,20.25,61.01,White Spot (Ich)
2021-08-10 04:40:23 CET,134595,23.75,92,17.711,7.1399,0.54204,879,50,20.25,61.01,White Spot (Ich)
2021-08-10 04:40:43 CET,134596,23.75,92,9.605,7.1399,0.53188,877,50,20.25,61.01,White Spot (Ich)
2021-08-10 04:41:03 CET,134597,23.75,93,6.936,7.1399,0.49491,878,50,20.25,61.01,White Spot (Ich)
2021-08-10 04:41:23 CET,134598,23.75,93,11.578,7.1399,0.55869,878,50,20.25,61.01,White Spot (Ich)
2021-08-10 04:41:42 CET,134599,23.75,93,8.159,7.14444,0.55658,880,50,20.25,61.01,White Spot (Ich)
2021-08-10 04:42:02 CET,134600,23.75,93,0.553,7.13082,0.58903,880,50,20.25,61.01,White Spot (Ich)
2021-08-10 04:42:22 CET,134601,23.75,96,6.945,7.14444,0.57584,879,50,20.25,61.01,White Spot (Ich)
2021-08-10 04:42:41 CET,134602,23.75,95,7.266,7.13536,0.5802,878,50,20.25,61.01,White Spot (Ich)
2021-08-10 04:43:01 CET,134603,23.75,95,7.32,7.14444,0.57366,878,50,20.25,61.01,White Spot (Ich)
2021-08-10 04:43:21 CET,134604,23.6875,94,9.409,7.14898,0.5672,880,50,20.25,61.01,White Spot (Ich)
2021-08-10 04:43:40 CET,134605,23.75,94,5.347,7.1399,0.46926,880,50,20.25,61.01,White Spot (Ich)
2021-08-10 04:44:00 CET,134606,23.75,94,4.963,7.1399,0.44489,880,50,20.25,61.01,White Spot (Ich)
2021-08-10 04:44:20 CET,134607,23.75,94,4.356,7.1399,0.5339,882,50,20.25,61.01,White Spot (Ich)
2021-08-10 04:44:39 CET,134608,23.75,94,8.373,7.1399,0.43649,887,50,20.25,61.01,White Spot (Ich)
2021-08-10 04:44:59 CET,134609,23.75,94,6.391,7.1399,0.53795,883,50,20.25,61.01,White Spot (Ich)
2021-08-10 04:45:19 CET,134610,23.75,93,13.417,7.13082,0.52388,889,50,20.25,61.01,White Spot (Ich)
2021-08-10 04:45:38 CET,134611,23.75,94,8.043,7.1399,0.52786,886,50,20.25,61.01,White Spot (Ich)
2021-08-10 04:45:58 CET,134612,23.6875,93,5.891,7.14444,0.46748,894,50,20.25,61.01,White Spot (Ich)
2021-08-10 04:46:17 CET,134613,23.75,93,8.32,7.1399,0.42823,895,50,20.25,61.01,White Spot (Ich)
2021-08-10 04:46:37 CET,134614,23.75,93,5.847,7.13536,0.4856,895,50,20.25,61.01,White Spot (Ich)
2021-08-10 04:46:57 CET,134615,23.75,93,4.499,7.14898,0.39215,902,50,20.25,61.01,White Spot (Ich)
2021-08-10 04:47:16 CET,134616,23.6875,93,4.249,7.14898,0.39365,903,50,20.25,61.01,White Spot (Ich)
2021-08-10 04:47:36 CET,134617,23.75,94,6.793,7.14898,0.45866,880,50,20.25,61.01,White Spot (Ich)
2021-08-10 04:47:56 CET,134618,23.6875,93,2.687,7.1399,0.43649,898,50,20.25,61.01,White Spot (Ich)
2021-10-31 04:22:31 CET,269344,26.0625,58,9.435,-1.83008,82970.90625,976,50,35.39,394.66,White Spot (Ich)
2021-10-31 04:22:50 CET,269345,26.125,57,8.802,-1.83008,70583.16406,976,50,35.39,394.66,White Spot (Ich)
2021-10-31 04:23:13 CET,269346,26.125,57,7.721,-1.83008,61238.14453,977,50,35.39,394.66,White Spot (Ich)
2021-10-31 04:23:34 CET,269347,26.0625,56,8.962,-1.82554,55589.23828,979,50,35.39,394.66,White Spot (Ich)
2021-10-31 04:23:53 CET,269348,26.125,57,7.683,-1.821,64782.24609,977,50,35.39,394.66,White Spot (Ich)
2021-10-31 04:24:13 CET,269349,26.125,57,8.475,-1.83008,73722.57812,979,50,35.39,394.66,Red Spot
2021-10-31 04:24:32 CET,269350,26.0625,56,4.614,-1.821,81739.86719,979,50,35.39,394.66,Red Spot
2021-10-31 04:24:53 CET,269351,26.0625,55,4.515,-1.83916,58734.82422,978,50,35.39,394.66,Red Spot
2021-10-31 04:25:13 CET,269352,26.0625,56,7.196,-1.83008,63873.34766,976,50,35.39,394.66,Red Spot
2021-10-31 04:25:32 CET,269353,26.0625,56,7.683,-1.83916,86803.40625,975,50,35.39,394.66,Red Spot
2021-10-31 04:25:52 CET,269354,26.0625,56,8.391,-1.83462,20190.15039,973,50,35.39,394.66,Red Spot
2021-10-31 04:26:12 CET,269355,26.0625,55,6.99,-1.83008,84225.0625,974,50,35.39,394.66,Red Spot
2021-10-31 04:27:10 CET,269356,26.0625,55,6.975,-1.83462,102854.4297,971,50,35.39,394.66,Red Spot
2021-10-31 04:27:29 CET,269357,26.125,55,6.548,-1.821,99679.89844,971,50,35.39,394.66,Red Spot
2021-10-31 04:27:52 CET,269358,26.125,54,8.757,-1.81193,35275.54688,970,50,35.39,394.66,Red Spot
2021-10-31 04:28:12 CET,269359,26.125,54,6.381,-1.83916,111349.6719,971,50,35.39,394.66,Red Spot
2021-10-31 04:28:31 CET,269360,26.0625,54,8.604,-1.83916,69573.35937,976,50,35.39,394.66,Red Spot
2021-10-31 04:28:51 CET,269361,26.0625,54,5.977,-1.8437,71611.22656,974,50,35.39,394.66,Red Spot
2021-10-31 04:29:11 CET,269362,26.0625,54,6.396,-1.821,84225.0625,975,50,35.39,394.66,Red Spot
2021-10-31 04:29:31 CET,269363,26.125,55,6.046,-1.83462,88128.24219,976,50,35.39,394.66,Red Spot
2021-10-31 04:29:51 CET,269364,26.125,55,7.851,-1.83008,69573.35937,976,50,35.39,394.66,White Spot (Ich)
2021-10-31 04:30:11 CET,269365,26.0625,54,5.863,-1.821,75910.59375,979,50,35.39,394.66,White Spot (Ich)
2021-10-31 04:30:31 CET,269366,26.0625,53,7.386,-1.83462,53364.86328,979,50,35.39,394.66,White Spot (Ich)
2021-10-31 04:30:51 CET,269367,26.125,53,9.617,-1.83008,58734.82422,982,50,35.39,394.66,White Spot (Ich)
2021-10-31 04:31:10 CET,269368,26.0625,52,8.094,-1.83008,57135.59766,981,50,35.39,394.66,White Spot (Ich)
2021-10-31 04:31:58 CET,269369,26.125,54,10.234,-1.83462,47314.63672,979,50,35.39,394.66,White Spot (Ich)
2021-10-31 04:32:19 CET,269370,26.0625,54,4.904,-1.82554,54835.34375,979,50,35.39,394.66,White Spot (Ich)
2021-10-31 04:32:40 CET,269371,26.0625,53,8.064,-1.83916,72657.05469,979,50,35.39,394.66,White Spot (Ich)
2021-10-31 04:33:00 CET,269372,26.0625,54,5.444,-1.8437,57135.59766,979,50,35.39,394.66,White Spot (Ich)
2021-06-25 18:19:40 CET,17988,25.3125,91,6.271,7.28516,22.14077,112,50,9.08,6.86,Fin Rot
2021-06-25 18:20:00 CET,17989,25.3125,91,6.407,7.27154,17.55058,112,50,9.08,6.86,Fin Rot
2021-06-25 18:20:19 CET,17990,25.3125,91,6.92,7.28516,16.50415,113,50,9.08,6.86,Fin Rot
2021-06-25 18:21:16 CET,17991,25.375,91,5.775,7.27154,22.04821,112,50,9.08,6.86,Fin Rot
2021-06-25 18:21:35 CET,17992,25.3125,91,6.487,7.27608,21.95605,112,50,9.08,6.86,Fin Rot
2021-06-25 18:21:55 CET,17993,25.3125,91,3.131,7.38957,22.99327,112,50,9.08,6.86,Fin Rot
2021-06-25 18:22:15 CET,17994,25.3125,91,4.966,7.2897,16.23662,112,50,9.08,6.86,Fin Rot
2021-06-25 18:22:34 CET,17995,25.3125,91,5.254,7.28516,15.90876,112,50,9.08,6.86,Fin Rot
2021-06-25 18:22:54 CET,17996,25.3125,91,5.08,7.27608,14.9067,113,50,9.08,6.86,Fin Rot
2021-06-25 18:23:13 CET,17997,25.3125,91,4.693,7.27154,20.53721,112,50,9.08,6.86,Fin Rot
2021-06-25 18:24:10 CET,17998,25.375,91,6.007,7.28516,20.36697,112,50,9.08,6.86,Fin Rot
2021-06-25 18:24:29 CET,17999,25.375,91,8.93,7.27154,20.62289,111,50,9.08,6.86,Fin Rot
2021-06-25 18:25:26 CET,18000,25.375,91,5.534,7.24431,20.70897,109,50,9.08,6.86,Fin Rot
2021-06-25 18:25:46 CET,18001,25.375,91,5.334,7.27608,16.84527,110,50,9.08,6.86,Fin Rot
2021-06-25 18:27:56 CET,18002,25.3125,91,5.158,7.2897,22.23378,111,50,9.08,6.86,Fin Rot
2021-06-25 18:30:44 CET,18003,25.3125,91,6.848,7.27154,21.95605,111,50,9.08,6.86,Fin Rot
2021-06-25 18:33:14 CET,18004,25.375,90,4.349,7.27608,25.12487,112,50,9.08,6.86,Fin Rot
2021-06-25 18:33:33 CET,18005,25.3125,90,5.08,7.27608,25.88264,111,50,9.08,6.86,Fin Rot
2021-06-25 18:35:07 CET,18006,25.3125,90,7.264,7.27608,30.06637,108,50,9.08,6.86,Fin Rot
2021-06-25 18:36:40 CET,18007,25.3125,90,5.758,7.28516,33.50819,109,50,9.08,6.86,Fin Rot
2021-06-25 18:37:00 CET,18008,25.3125,90,6.271,7.28516,33.50819,97,50,9.08,6.86,Fin Rot
2021-06-25 18:37:19 CET,18009,25.3125,90,3.596,7.28516,26.77938,109,50,9.08,6.86,Fin Rot
2021-07-02 18:07:13 CET,32447,25,99,3.46,7.22161,6.76764,144,50,11.81,11.13,Fin Rot
2021-07-02 18:07:32 CET,32448,25.0625,99,11.894,7.19891,7.87096,131,50,11.81,11.13,Fin Rot
2021-07-02 18:07:52 CET,32449,25.0625,99,6.391,7.18529,8.4758,134,50,11.81,11.13,Fin Rot
2021-07-02 18:08:11 CET,32450,25.0625,99,5.08,7.19437,8.02557,144,50,11.81,11.13,Fin Rot
2021-07-02 18:09:08 CET,32451,25.0625,99,7.681,7.16713,8.40987,143,50,11.81,11.13,Fin Rot
2021-07-02 18:09:28 CET,32452,25.0625,99,5.783,7.15352,8.5757,142,50,11.81,11.13,Fin Rot
2021-07-02 18:09:48 CET,32453,25.0625,98,14.529,7.14444,8.8137,131,50,11.81,11.13,Fin Rot
2021-07-02 18:10:08 CET,32454,25.0625,99,5.47,7.14444,8.84827,142,50,11.81,11.13,Fin Rot
2021-07-02 18:10:28 CET,32455,25.0625,98,5.943,7.12628,8.77927,142,50,11.81,11.13,Fin Rot
2021-07-02 18:10:47 CET,32456,25.0625,98,5.63,7.12174,8.88298,131,50,11.81,11.13,Fin Rot
2021-07-02 18:11:07 CET,32457,25.0625,99,5.478,7.11266,8.88298,141,50,11.81,11.13,Fin Rot
2021-07-02 18:11:27 CET,32458,25.0625,98,15.522,7.12174,9.23812,130,50,11.81,11.13,Fin Rot
2021-07-02 18:11:47 CET,32459,25.0625,98,7.449,7.10358,9.09429,130,50,11.81,11.13,Fin Rot
2021-07-02 18:12:06 CET,32460,25.0625,98,9.924,7.11266,9.16591,129,50,11.81,11.13,Fin Rot
2021-07-02 18:12:26 CET,32461,25.0625,98,7.408,7.10358,8.88298,140,50,11.81,11.13,Fin Rot
2021-07-02 18:12:45 CET,32462,25.0625,98,5.08,7.09904,8.95283,130,50,11.81,11.13,Fin Rot
2021-07-02 18:13:05 CET,32463,25.0625,98,24.701,7.0945,8.88298,131,50,11.81,11.13,Fin Rot
2021-07-02 18:13:25 CET,32464,25.0625,98,8.193,7.09904,8.88298,130,50,11.81,11.13,Fin Rot
2021-07-02 18:13:45 CET,32465,25.0625,98,6.527,7.09904,8.84827,142,50,11.81,11.13,Fin Rot
2021-07-02 18:14:05 CET,32466,25.0625,98,6.287,7.0945,6.5118,144,50,11.81,11.13,Fin Rot
2021-07-02 18:14:24 CET,32467,25.0625,97,5.08,7.09904,8.8137,129,50,11.81,11.13,Fin Rot
2021-07-02 18:14:44 CET,32468,25.0625,97,5.08,7.09904,8.44277,144,50,11.81,11.13,Fin Rot
2021-07-02 18:15:04 CET,32469,25.0625,97,5.08,7.08996,8.3445,143,50,11.81,11.13,Fin Rot
2021-07-02 18:15:24 CET,32470,25.0625,97,7.449,7.08088,8.44277,143,50,11.81,11.13,Fin Rot
2021-07-02 18:15:43 CET,32471,25.0625,97,6.119,7.07635,8.50896,135,50,11.81,11.13,Fin Rot
2021-07-02 18:16:03 CET,32472,25.0625,98,1.786,7.0945,8.643,128,50,11.81,11.13,Fin Rot
2021-07-02 18:16:22 CET,32473,25.0625,97,18.438,7.05365,8.50896,139,50,11.81,11.13,Fin Rot
2021-07-02 18:16:42 CET,32474,25.0625,97,5.08,7.05819,8.8137,138,50,11.81,11.13,Fin Rot
2021-07-02 18:17:02 CET,32475,25.0625,98,5.08,7.05365,8.88298,126,50,11.81,11.13,Fin Rot
2021-07-02 18:17:22 CET,32476,25,97,0.624,7.04003,8.5757,135,50,11.81,11.13,Fin Rot
2021-07-02 18:17:41 CET,32477,25.0625,98,5.31,7.04457,9.13002,128,50,11.81,11.13,Fin Rot
2021-07-02 18:18:01 CET,32478,25,97,5.08,7.03549,9.13002,128,50,11.81,11.13,Fin Rot
2021-07-02 18:18:21 CET,32479,25.0625,97,4.669,7.04911,7.6301,137,50,11.81,11.13,Fin Rot
2021-07-13 23:58:07 CET,61359,24.125,28,5.08,7.3124,28.43165,125,50,14.04,24.5,Fin Rot
2021-07-13 23:58:27 CET,61360,24.125,29,5.08,7.31694,27.71025,134,50,14.04,24.5,Fin Rot
2021-07-13 23:58:46 CET,61361,24.125,31,5.08,7.33963,28.80005,134,50,14.04,24.5,Fin Rot
2021-07-13 23:59:43 CET,61362,24.125,36,5.08,7.3124,27.82907,134,50,14.04,24.5,Fin Rot
2021-07-14 00:00:02 CET,61363,24.125,36,5.08,7.32148,28.06839,133,50,14.22,25.78,Fin Rot
2021-07-14 00:00:22 CET,61364,24.125,37,5.08,7.3124,19.61967,134,50,14.22,25.78,Fin Rot
2021-07-14 00:00:41 CET,61365,24.125,39,5.08,7.31694,18.43942,133,50,14.22,25.78,Fin Rot
2021-07-14 00:01:01 CET,61366,24.0625,40,3.296,7.34871,28.55386,134,50,14.22,25.78,Fin Rot
2021-07-14 00:01:20 CET,61367,24.125,40,5.08,7.31694,23.48226,135,50,14.22,25.78,Fin Rot
2021-07-14 00:02:16 CET,61368,24.125,43,1.8,7.3124,27.59195,133,50,14.22,25.78,Fin Rot
2021-07-14 00:02:36 CET,61369,24.0625,45,5.08,7.31694,26.89384,134,50,14.22,25.78,Fin Rot
2021-07-14 00:02:55 CET,61370,24.125,46,12.83,7.3124,27.00883,130,50,14.22,25.78,Fin Rot
2021-07-14 00:03:15 CET,61371,24.0625,43,5.08,7.30786,27.24046,128,50,14.22,25.78,Fin Rot
2021-07-14 00:03:34 CET,61372,24.125,45,5.08,7.3124,20.53721,129,50,14.22,25.78,Fin Rot
2021-07-14 00:03:54 CET,61373,24.125,47,5.08,7.3124,19.21741,125,50,14.22,25.78,Fin Rot
2021-07-14 00:04:50 CET,61374,24.0625,55,5.08,7.3124,28.80005,132,50,14.22,25.78,Fin Rot
2021-07-14 00:05:10 CET,61375,24.125,48,20.572,7.31694,19.94806,133,50,14.22,25.78,Fin Rot
2021-07-14 00:05:29 CET,61376,24.125,50,5.08,7.31694,20.70897,131,50,14.22,25.78,Fin Rot
2021-07-14 00:07:03 CET,61377,24.125,48,5.08,7.3124,22.61005,121,50,14.22,25.78,Fin Rot
2021-07-14 00:07:22 CET,61378,24.125,49,5.08,7.31694,24.70278,133,50,14.22,25.78,Fin Rot
2021-07-14 00:07:42 CET,61379,24.0625,51,35.178,7.30786,21.77299,130,50,14.22,25.78,Fin Rot
2021-07-14 00:08:01 CET,61380,24.0625,51,5.08,7.31694,25.01862,129,50,14.22,25.78,Fin Rot
2021-07-14 00:08:21 CET,61381,24.125,52,15.467,7.3124,21.95605,129,50,14.22,25.78,Fin Rot
2021-07-14 00:08:40 CET,61382,24.125,53,5.08,7.31694,30.98914,118,50,14.22,25.78,Fin Rot
2021-07-14 00:09:00 CET,61383,24.0625,53,5.08,7.30786,31.39411,127,50,14.22,25.78,Fin Rot
2021-07-14 00:09:19 CET,61384,24.0625,52,5.08,7.33963,31.53038,130,50,14.22,25.78,Fin Rot
2021-07-14 00:09:39 CET,61385,24.0625,55,5.08,7.31694,24.39128,134,50,14.22,25.78,Fin Rot
2021-07-14 00:09:58 CET,61386,24.0625,53,5.08,7.30786,31.25849,126,50,14.22,25.78,Fin Rot
2021-07-14 00:10:18 CET,61387,24.0625,54,5.08,7.31694,33.21745,123,50,14.22,25.78,Fin Rot
2021-07-14 00:10:37 CET,61388,24.125,52,5.08,7.31694,32.22159,123,50,14.22,25.78,Fin Rot
2021-07-14 00:10:57 CET,61389,24.125,53,5.08,7.31694,33.36246,128,50,14.22,25.78,Fin Rot
2021-07-14 00:11:17 CET,61390,24.125,52,5.08,7.31694,23.48226,131,50,14.22,25.78,Fin Rot
2021-07-14 00:11:36 CET,61391,24.125,53,5.08,7.30786,35.00443,130,50,14.22,25.78,Fin Rot
2021-07-14 00:11:56 CET,61392,24.0625,56,5.08,7.32148,33.07315,119,50,14.22,25.78,Fin Rot
2021-07-14 00:12:15 CET,61393,24.125,57,5.08,7.31694,34.39729,121,50,14.22,25.78,Fin Rot
2021-07-14 00:12:35 CET,61394,24.125,56,5.08,7.32602,24.08407,130,50,14.22,25.78,Fin Rot
2021-07-14 00:12:54 CET,61395,24.0625,53,5.08,7.31694,33.36246,123,50,14.22,25.78,Fin Rot
2021-07-14 00:13:14 CET,61396,24.125,58,5.08,7.3124,24.59847,131,50,14.22,25.78,Fin Rot
2021-07-14 00:14:47 CET,61397,24.0625,58,5.08,7.31694,35.31247,129,50,14.22,25.78,Fin Rot
2021-07-14 00:15:07 CET,61398,24.0625,56,5.08,7.31694,24.91284,129,50,14.22,25.78,Fin Rot
2021-07-14 00:17:54 CET,61399,24.0625,88,9.119,7.31694,36.41423,131,50,14.22,25.78,Fin Rot
2021-07-14 00:18:51 CET,61400,24.0625,59,5.08,7.30332,34.39729,130,50,14.22,25.78,Fin Rot
2021-07-14 00:20:25 CET,61401,24.0625,58,20.369,7.30786,34.54797,119,50,14.22,25.78,Fin Rot
2021-07-14 00:20:44 CET,61402,24.0625,53,5.08,7.3124,33.07315,130,50,14.22,25.78,Fin Rot
2021-07-14 00:22:55 CET,61403,24.0625,57,5.08,7.3124,33.21745,130,50,14.22,25.78,Fin Rot
2021-07-31 04:34:24 CET,113705,23.5,100,5.08,7.38957,4855.26416,660,50,16.25,42,White Spot (Ich)
2021-07-31 04:34:44 CET,113706,23.5625,100,5.08,7.38957,4368.87793,659,50,16.25,42,White Spot (Ich)
2021-07-31 04:35:03 CET,113707,23.5,100,11.301,7.38957,3004.0083,659,50,16.25,42,White Spot (Ich)
2021-07-31 04:35:23 CET,113708,23.5625,100,5.08,7.38503,4671.17822,648,50,16.25,42,White Spot (Ich)
2021-07-31 04:35:44 CET,113709,23.5,100,9.819,7.37595,2753.08545,661,50,16.25,42,White Spot (Ich)
2021-07-31 04:36:03 CET,113710,23.5,100,5.08,7.38957,2035.20056,662,50,16.25,42,White Spot (Ich)
2021-07-31 04:36:23 CET,113711,23.5,100,5.08,7.39411,2850.31445,666,50,16.25,42,White Spot (Ich)
2021-07-31 04:37:19 CET,113712,23.5,100,2.669,7.38957,4671.17822,660,50,16.25,42,White Spot (Ich)
2021-07-31 04:37:39 CET,113713,23.5,100,5.08,7.38503,5517.12061,643,50,16.25,42,White Spot (Ich)
2021-07-31 04:37:59 CET,113714,23.5,100,5.08,7.38503,5302.46191,656,50,16.25,42,White Spot (Ich)
2021-07-31 04:38:18 CET,113715,23.5,100,5.08,7.38957,3940.02515,642,50,16.25,42,White Spot (Ich)
2021-07-31 04:38:38 CET,113716,23.5,100,5.08,7.37595,4626.4751,640,50,16.25,42,White Spot (Ich)
2021-07-31 04:38:57 CET,113717,23.5,100,5.08,7.39411,4762.13965,655,50,16.25,42,White Spot (Ich)
2021-07-31 04:39:16 CET,113718,23.5,100,5.08,7.38957,3693.41699,640,50,16.25,42,White Spot (Ich)
2021-07-31 04:40:50 CET,113719,23.5625,100,5.08,7.38957,4582.30371,645,50,16.25,42,White Spot (Ich)
2021-07-31 04:41:47 CET,113720,23.5,100,5.08,7.38957,2637.07422,647,50,16.25,42,White Spot (Ich)
2021-07-31 04:42:06 CET,113721,23.5,100,5.08,7.39411,2173.20898,643,50,16.25,42,White Spot (Ich)
2021-07-31 04:42:26 CET,113722,23.5,100,5.08,7.38503,5408.49463,635,50,16.25,42,White Spot (Ich)
2021-07-31 04:42:45 CET,113723,23.5,100,5.08,7.38957,2191.23853,646,50,16.25,42,White Spot (Ich)
2021-07-31 04:43:05 CET,113724,23.5,100,1.589,7.38049,2303.2312,651,50,16.25,42,White Spot (Ich)
2021-07-31 04:43:24 CET,113725,23.5625,100,5.08,7.38957,6101.43604,647,50,16.25,42,White Spot (Ich)
2021-07-31 04:43:44 CET,113726,23.5,100,7.088,7.38503,5250.39746,642,50,16.25,42,White Spot (Ich)
2021-07-31 04:44:03 CET,113727,23.5,100,4.499,7.38957,5250.39746,645,50,16.25,42,White Spot (Ich)
2021-07-31 04:45:38 CET,113728,23.5,100,5.08,7.38957,2155.36426,647,50,16.25,42,White Spot (Ich)
2021-07-31 04:45:57 CET,113729,23.5,100,2.731,7.38957,4808.42969,654,50,16.25,42,White Spot (Ich)
2021-07-31 04:46:54 CET,113730,23.5,100,14.256,7.40319,5572.40137,653,50,16.25,42,White Spot (Ich)
2021-07-31 04:47:13 CET,113731,23.5625,100,5.08,7.38957,2925.95142,655,50,16.25,42,White Spot (Ich)
2021-07-31 04:47:32 CET,113732,23.5,100,5.08,7.36687,5859.12354,645,50,16.25,42,White Spot (Ich)
2021-07-31 04:47:52 CET,113733,23.5,100,5.08,7.38957,2422.13086,654,50,16.25,42,White Spot (Ich)
2021-07-31 04:48:11 CET,113734,23.5,100,5.08,7.38957,5148.06787,654,50,16.25,42,White Spot (Ich)
2021-07-31 04:49:08 CET,113735,23.5,100,5.08,7.38957,5250.39746,652,50,16.25,42,White Spot (Ich)
2021-07-31 04:49:27 CET,113736,23.5,100,5.08,7.38957,3372.53833,654,50,16.25,42,White Spot (Ich)
2021-07-31 04:49:47 CET,113737,23.5,100,5.08,7.38957,5355.1709,636,50,16.25,42,White Spot (Ich)
2021-07-31 04:50:07 CET,113738,23.5,100,5.08,7.38503,5572.40137,651,50,16.25,42,White Spot (Ich)
2021-07-31 04:51:03 CET,113739,23.5,100,5.08,7.38957,6227.11865,644,50,16.25,42,White Spot (Ich)
2021-07-31 04:51:22 CET,113740,23.5,100,5.08,7.38957,3057.43359,641,50,16.25,42,White Spot (Ich)
2021-07-31 04:51:42 CET,113741,23.5,100,5.08,7.38503,2659.79565,641,50,16.25,42,White Spot (Ich)
2021-07-31 04:52:02 CET,113742,23.5,100,0.937,7.41681,4716.40381,640,50,16.25,42,White Spot (Ich)
2021-07-31 04:52:21 CET,113743,23.5,100,5.08,7.38957,2505.49463,639,50,16.25,42,White Spot (Ich)
2021-07-31 04:52:41 CET,113744,23.5,100,10.408,7.39865,4671.17822,637,50,16.25,42,White Spot (Ich)
2021-07-31 04:53:37 CET,113745,23.5,100,5.08,7.38957,5572.40137,642,50,16.25,42,White Spot (Ich)
2021-07-31 04:54:34 CET,113746,23.5,100,5.08,7.38957,5918.6001,644,50,16.25,42,White Spot (Ich)
2021-07-31 04:54:53 CET,113747,23.5,100,5.08,7.38957,3030.58472,647,50,16.25,42,White Spot (Ich)
2021-07-31 04:55:12 CET,113748,23.5,100,5.08,7.38957,4762.13965,642,50,16.25,42,White Spot (Ich)
2021-07-31 04:55:32 CET,113749,23.5,100,5.08,7.39411,5408.49463,645,50,16.25,42,White Spot (Ich)
2021-07-31 04:55:51 CET,113750,23.5,100,3.776,7.39411,4327.63574,629,50,16.25,42,White Spot (Ich)
2021-07-31 04:56:11 CET,113751,23.5,100,0.473,7.38957,6904.67139,640,50,16.25,42,White Spot (Ich)
2021-07-31 04:56:30 CET,113752,23.5,100,5.08,7.38957,3659.73291,643,50,16.25,42,White Spot (Ich)
2021-07-31 04:56:50 CET,113753,23.5,100,5.08,7.38957,2035.20056,645,50,16.25,42,White Spot (Ich)
2021-06-19 00:00:22 CET,1738,24.9375,81,7.945,8.5199,10.68908,688,75,6.94,3.07,White Spot (Ich)
2021-06-19 00:00:42 CET,1739,25,81,6.888,8.5199,11.2103,672,75,6.94,3.07,White Spot (Ich)
2021-06-19 00:01:02 CET,1740,25,81,33.728,8.51536,11.2103,671,75,6.94,3.07,White Spot (Ich)
2021-06-19 00:01:23 CET,1741,24.9375,81,10.531,8.52444,10.68908,668,75,6.94,3.07,White Spot (Ich)
2021-06-19 00:02:48 CET,1745,24.9375,81,11.74,8.52444,11.2103,683,75,6.94,3.07,White Spot (Ich)
2021-06-19 00:03:08 CET,1746,24.9375,81,7.082,8.55167,11.5728,675,75,6.94,3.07,White Spot (Ich)
2021-06-19 00:03:27 CET,1747,24.9375,81,38.812,8.51082,11.5268,682,75,6.94,3.07,White Spot (Ich)
2021-06-19 00:03:47 CET,1748,24.9375,81,12.095,8.51536,11.39001,666,75,6.94,3.07,Fin Rot
2021-06-19 00:04:44 CET,1749,25,81,36.476,8.5199,11.71194,677,75,6.94,3.07,Fin Rot
2021-06-19 00:05:34 CET,1751,24.9375,81,8.934,8.51082,11.85289,663,75,6.94,3.07,Fin Rot
2021-06-19 00:07:15 CET,1753,24.9375,81,38.745,8.51082,11.75873,667,75,6.94,3.07,Fin Rot
2021-06-19 00:07:34 CET,1754,24.9375,81,7.869,8.50174,10.68908,656,75,6.94,3.07,Fin Rot
2021-06-19 00:08:14 CET,1756,25,81,9.98,8.5199,12.43505,674,75,6.94,3.07,Fin Rot
2021-06-19 00:08:33 CET,1757,24.9375,81,7.395,8.5199,12.23766,676,75,6.94,3.07,Fin Rot
2021-06-19 00:09:13 CET,1759,24.9375,81,7.48,8.51082,11.99564,672,75,6.94,3.07,Fin Rot
2021-06-19 00:09:32 CET,1760,24.9375,81,6.88,8.50628,12.09183,675,75,6.94,3.07,Fin Rot
2021-06-19 00:09:52 CET,1761,25,81,7.505,8.51536,12.63584,674,75,6.94,3.07,Fin Rot
2021-06-19 00:10:11 CET,1762,25,81,36.788,8.5199,12.38539,673,75,6.94,3.07,Fin Rot
2021-06-19 00:10:31 CET,1763,24.9375,81,11.216,8.5199,12.63584,667,75,6.94,3.07,Fin Rot
2021-06-19 00:10:50 CET,1764,24.9375,81,10.658,8.5199,12.28669,657,75,6.94,3.07,Fin Rot
2021-06-19 00:11:10 CET,1765,25,81,13.688,8.5199,12.48492,657,75,6.94,3.07,Fin Rot
2021-06-19 00:11:29 CET,1766,24.9375,81,11.055,8.51082,12.63584,672,75,6.94,3.07,Fin Rot
2021-06-19 00:12:09 CET,1768,24.9375,81,11.233,8.5199,13.04793,656,75,6.94,3.07,Fin Rot
2021-06-19 00:12:29 CET,1769,25,81,9.539,8.52444,12.99564,666,75,6.94,3.07,Fin Rot
2021-06-19 00:12:48 CET,1770,24.9375,81,11.419,8.51082,13.31278,660,75,6.94,3.07,Fin Rot
2021-06-19 00:13:08 CET,1771,24.9375,81,38.778,8.51082,12.99564,653,75,6.94,3.07,Fin Rot
2021-06-19 00:14:26 CET,1775,24.9375,81,27.681,8.50628,12.99564,673,75,6.94,3.07,Fin Rot
2021-06-19 00:15:05 CET,1777,24.9375,81,17.682,8.48812,12.99564,682,75,6.94,3.07,Fin Rot
2021-06-19 00:15:25 CET,1778,24.9375,81,9.829,8.51082,12.99564,667,75,6.94,3.07,Fin Rot
2021-06-19 00:15:45 CET,1779,24.9375,81,14.681,8.51082,12.73754,677,75,6.94,3.07,Fin Rot
2021-06-19 00:16:04 CET,1780,25,81,8.29,8.51536,12.99564,675,75,6.94,3.07,Fin Rot
2021-06-19 00:16:43 CET,1782,24.875,81,3.372,8.51082,12.84011,672,75,6.94,3.07,Fin Rot
2021-06-19 00:17:03 CET,1783,24.9375,81,4.775,8.5199,13.15318,678,75,6.94,3.07,Fin Rot
2021-06-19 00:17:22 CET,1784,24.875,81,10.675,8.52444,13.10044,666,75,6.94,3.07,Fin Rot
2021-06-19 00:17:42 CET,1785,24.9375,81,8.249,8.51082,12.48492,667,75,6.94,3.07,Fin Rot
2021-06-19 00:18:02 CET,1786,24.9375,81,12.492,8.5199,12.48492,666,75,6.94,3.07,Fin Rot
2021-06-19 00:18:21 CET,1787,24.9375,81,7.167,8.5199,12.89173,685,75,6.94,3.07,Fin Rot
2021-06-19 00:18:41 CET,1788,24.9375,81,38.795,8.52897,12.84011,681,75,6.94,3.07,Fin Rot
2021-06-19 00:19:00 CET,1789,24.875,81,25.534,8.52897,12.94358,677,75,6.94,3.07,Fin Rot
2021-06-19 00:19:20 CET,1790,24.9375,81,10.007,8.52444,12.23766,677,75,6.94,3.07,Fin Rot
2021-06-19 00:19:40 CET,1791,24.875,81,6.136,8.51082,12.73754,675,75,6.94,3.07,Fin Rot
2021-06-19 00:19:59 CET,1792,24.9375,81,38.829,8.50174,12.04363,673,75,6.94,3.07,Fin Rot
2021-06-19 00:20:19 CET,1793,24.9375,81,7.809,8.5199,12.23766,670,75,6.94,3.07,Fin Rot
2021-06-19 00:21:34 CET,1795,24.9375,81,12.289,8.52444,13.15318,655,75,6.94,3.07,Fin Rot
2021-06-19 00:22:13 CET,1797,25,81,12.358,8.5199,13.25935,666,75,6.94,3.07,Fin Rot
2021-06-19 00:22:33 CET,1798,24.9375,81,38.795,8.5199,13.25935,656,75,6.94,3.07,Fin Rot
2021-06-19 00:22:52 CET,1799,24.9375,81,1.005,8.52444,12.99564,667,75,6.94,3.07,Fin Rot
2021-06-19 00:23:31 CET,1801,24.9375,81,9.686,8.5199,13.58341,671,75,6.94,3.07,Fin Rot
2021-06-19 00:23:51 CET,1802,24.9375,81,9.922,8.51082,13.25935,665,75,6.94,3.07,Fin Rot
2021-06-19 00:24:11 CET,1803,24.9375,81,6.423,8.5199,13.6933,668,75,6.94,3.07,Fin Rot
2021-06-19 00:24:31 CET,1804,24.875,81,28.999,8.51536,13.25935,657,75,6.94,3.07,Fin Rot
2021-06-19 00:24:50 CET,1805,24.9375,81,7.919,8.5199,13.20615,658,75,6.94,3.07,Fin Rot
2021-06-19 00:25:10 CET,1806,24.875,81,12.593,8.5199,13.6933,669,75,6.94,3.07,Fin Rot
2021-06-19 00:25:29 CET,1807,24.9375,81,11.706,8.52897,13.63824,675,75,6.94,3.07,Fin Rot
2021-06-19 00:25:48 CET,1808,24.875,81,38.829,8.5199,13.6933,671,75,6.94,3.07,Fin Rot
2021-06-19 00:26:08 CET,1809,24.875,81,8.967,8.50628,13.31278,671,75,6.94,3.07,Fin Rot
2021-06-19 00:26:27 CET,1810,24.9375,81,6.144,8.5199,13.36644,670,75,6.94,3.07,Fin Rot
2021-06-19 00:26:47 CET,1811,24.875,81,38.694,8.52444,11.75873,674,75,6.94,3.07,Fin Rot
2021-06-19 00:27:06 CET,1812,24.9375,81,38.812,8.52444,13.31278,663,75,6.94,3.07,Fin Rot
2021-06-19 00:27:46 CET,1814,24.875,81,8.655,8.52444,13.25935,675,75,6.94,3.07,Fin Rot
2021-08-08 01:29:15 CET,115630,24.3125,94,1.141,7.68009,0.00013,1903,75,22.26,115.82,Red Spot
2021-08-08 01:29:35 CET,115631,24.3125,97,0.49,7.68009,0.00013,1904,75,22.26,115.82,Red Spot
2021-08-08 01:29:54 CET,115632,24.3125,96,1.614,7.68463,0.00013,1914,75,22.26,115.82,Red Spot
2021-08-08 01:31:49 CET,115636,24.25,97,3.795,7.68463,0.00013,1910,75,22.26,115.82,Red Spot
2021-08-08 01:32:45 CET,115637,24.3125,98,0.008,7.68009,0.00013,1862,75,22.26,115.82,Red Spot
2021-08-08 01:34:01 CET,115639,24.375,98,0.853,7.68009,0.00013,1893,75,22.26,115.82,Red Spot
2021-08-08 01:34:20 CET,115640,24.3125,94,1.225,7.68009,0.00013,1865,75,22.26,115.82,Red Spot
2021-08-08 01:35:19 CET,115643,24.3125,97,2.873,7.68009,0.00013,1822,75,22.26,115.82,Red Spot
2021-08-08 01:35:38 CET,115644,24.3125,97,0.574,7.68917,0.00013,1834,75,22.26,115.82,Red Spot
2021-08-08 01:36:54 CET,115646,24.375,97,5.798,7.68009,0.00013,1832,75,22.26,115.82,Red Spot
2021-08-08 01:37:14 CET,115647,24.3125,97,0.828,7.68009,0.00013,1808,75,22.26,115.82,Red Spot
2021-08-08 01:37:54 CET,115649,24.3125,97,0.819,7.68009,0.00013,1886,75,22.26,115.82,Red Spot
2021-08-08 01:38:13 CET,115650,24.375,97,0.828,7.68009,0.00013,1882,75,22.26,115.82,Red Spot
2021-08-08 01:39:09 CET,115651,24.3125,96,2.916,7.68917,0.00014,1888,75,22.26,115.82,Red Spot
2021-08-08 01:39:29 CET,115652,24.3125,97,1.157,7.68009,0.00013,1885,75,22.26,115.82,Red Spot
2021-08-08 01:39:49 CET,115653,24.375,97,4.86,7.68463,0.00013,1866,75,22.26,115.82,Red Spot
2021-08-08 01:40:28 CET,115655,24.375,97,0.921,7.68009,0.00013,1870,75,22.26,115.82,Red Spot
2021-08-08 01:40:48 CET,115656,24.3125,98,0.853,7.68463,0.00013,1870,75,22.26,115.82,Red Spot
2021-08-08 01:41:08 CET,115657,24.3125,97,0.912,7.68463,0.00013,1885,75,22.26,115.82,Red Spot
2021-08-08 01:41:27 CET,115658,24.375,98,4.792,7.68009,0.00013,1898,75,22.26,115.82,Red Spot
2021-08-08 01:41:47 CET,115659,24.3125,96,4.691,7.68009,0.00013,1874,75,22.26,115.82,Red Spot
2021-08-08 01:42:07 CET,115660,24.375,97,0.769,7.66648,0.00013,1913,75,22.26,115.82,Red Spot
2021-08-08 01:43:05 CET,115663,24.3125,97,0.828,7.68463,0.00013,1917,75,22.26,115.82,Red Spot
2021-08-08 01:43:44 CET,115665,24.3125,97,0.938,7.68009,0.00013,1888,75,22.26,115.82,Red Spot
2021-08-08 01:44:04 CET,115666,24.3125,97,3.135,7.68009,0.00013,1875,75,22.26,115.82,Red Spot
2021-08-08 01:44:23 CET,115667,24.3125,97,0.625,7.68009,0.00013,1879,75,22.26,115.82,Red Spot
2021-08-12 07:44:31 CET,129138,23.3125,97,4.267,7.85259,0.00006,1866,75,23.98,141.12,Red Spot
2021-08-12 07:45:28 CET,129139,23.3125,98,6.266,7.85713,0.00005,1879,75,23.98,141.12,Red Spot
2021-08-12 07:45:48 CET,129140,23.375,97,3.767,7.87075,0.00005,1855,75,23.98,141.12,Red Spot
2021-08-12 07:46:07 CET,129141,23.375,98,6.641,7.86621,0.00005,1836,75,23.98,141.12,Red Spot
2021-08-12 07:46:27 CET,129142,23.375,98,6.641,7.86621,0.00005,1872,75,23.98,141.12,Red Spot
2021-08-12 07:46:46 CET,129143,23.3125,98,1.071,7.86621,0.00005,1904,75,23.98,141.12,Red Spot
2021-08-12 07:47:06 CET,129144,23.375,99,3.91,7.87075,0.00005,1914,75,23.98,141.12,Red Spot
2021-08-12 07:47:25 CET,129145,23.3125,98,5.632,7.86621,0.00005,1859,75,23.98,141.12,Red Spot
2021-09-20 00:43:52 UTC,156791,25.5625,100,9.387,2.58682,0.00141,1797,75,29.5,225.91,Red Spot
2021-09-20 00:44:12 UTC,156792,25.5625,100,5.678,2.54596,0.00127,1801,75,29.5,225.91,Red Spot
2021-09-20 00:44:31 UTC,156793,25.5625,100,6.479,2.51872,0.0014,1803,75,29.5,225.91,Red Spot
2021-09-20 00:44:51 UTC,156794,25.5625,100,5.999,2.5051,0.00142,1799,75,29.5,225.91,Red Spot
2021-09-20 00:45:10 UTC,156795,25.5625,100,5.919,2.49603,0.00138,1782,75,29.5,225.91,Red Spot
2021-09-20 00:45:30 UTC,156796,25.5625,100,5.799,2.49149,0.00142,1808,75,29.5,225.91,Red Spot
2021-09-20 00:46:26 UTC,156797,25.5625,100,5.999,2.45517,0.00142,1809,75,29.5,225.91,Red Spot
2021-09-20 00:46:46 UTC,156798,25.5625,100,5.783,2.46425,0.00142,1785,75,29.5,225.91,Red Spot
2021-09-20 00:47:05 UTC,156799,25.5625,100,5.566,2.45063,0.00141,1783,75,29.5,225.91,Red Spot
2021-09-20 00:47:25 UTC,156800,25.5625,100,5.43,2.45063,0.0014,1808,75,29.5,225.91,Red Spot
2021-09-20 00:47:45 UTC,156801,25.625,100,5.182,2.45063,0.00142,1771,75,29.5,225.91,Red Spot
2021-09-20 00:48:05 UTC,156802,25.5625,100,5.134,2.45517,0.00141,1778,75,29.5,225.91,Red Spot
2021-09-20 00:48:25 UTC,156803,25.5625,100,4.941,2.45971,0.00142,1744,75,29.5,225.91,Red Spot
2021-09-20 00:48:44 UTC,156804,25.5625,100,5.158,2.45063,0.00142,1776,75,29.5,225.91,Red Spot
2021-09-20 00:49:04 UTC,156805,25.5625,100,5.158,2.45063,0.00144,1778,75,29.5,225.91,Red Spot
2021-09-20 00:49:23 UTC,156806,25.5625,100,5.118,2.88642,0.00144,1757,75,29.5,225.91,Red Spot
2021-09-20 00:49:43 UTC,156807,25.5625,100,6.672,3.09977,0.00141,1759,75,29.5,225.91,Red Spot
2021-09-20 00:50:02 UTC,156808,25.5625,100,5.246,3.19056,0.00142,1767,75,29.5,225.91,Red Spot
2021-09-20 00:50:59 UTC,156809,25.5625,100,6.431,2.83649,0.00144,1808,75,29.5,225.91,Red Spot
2021-09-20 00:51:19 UTC,156810,25.5625,100,6.776,2.88188,0.0014,1808,75,29.5,225.91,Red Spot
2021-09-20 00:51:39 UTC,156811,25.5625,100,8.105,2.90458,0.00144,1797,75,29.5,225.91,Red Spot
2021-09-20 00:51:59 UTC,156812,25.5625,100,6.223,2.94543,0.00144,1781,75,29.5,225.91,Red Spot
2021-09-20 00:52:19 UTC,156813,25.5,100,6.495,2.95905,0.00141,1777,75,29.5,225.91,Red Spot
